source,source_type,target,target_type,relation,evidence_count,evidence_titles
event:employment,event,asset:stocks,asset,NEUTRAL_IMPACT,542,"Mid-Day Update: Stocks Mixed as Investors Digest Employment Data | Wall St logs sharp losses as labor market strength stokes rate-hike fears | US STOCKS-Wall St eyes record open on strong jobs report, Pfizer COVID-19 pill c | US STOCKS-Wall St rises on stimulus bets as labor market rebound cools | Wall Street rises on stimulus bets as labor market rebound cools"
event:employment,event,asset:stocks,asset,POSITIVE_IMPACT,318,US STOCKS-Futures rise ahead of weekly unemployment data | Stimulus bets set to lift Wall Street as labor market rebound slows | Wall Street rallies to end higher on surprise U.S. jobs report | Wall Street ends four-day rally in advance of May jobs report | Stocks Climb Before the Open as U.S. ADP Jobs Report Looms
event:employment,event,asset:stocks,asset,NEGATIVE_IMPACT,280,"Mid-Day Update: Stocks Down, But Off Lows After Disappointing Employment Data | US STOCKS-Wall St ends lower as labor market strength stokes rate-hike fears | Wall St set to open higher on surprise drop in unemployment rate | Markets Today: Stocks Drop on Apple Weakness and U.S. Labor Market Strength | US STOCKS-Wall Street closes lower after US jobs report, Apple weighs"
asset:stocks,asset,asset:futures,asset,POSITIVE_CORRELATION,240,"US STOCKS-Futures rise ahead of weekly unemployment data | Wall St futures inch up as investors pin hopes on Fed rate cuts | US Stocks futures inch up ahead of more megacap earnings, employment data | US STOCKS-Futures climb on Apple earnings cheer, key jobs report on tap | US STOCKS-Wall St futures slide after robust November jobs report"
event:employment,event,asset:dollar,asset,NEUTRAL_IMPACT,211,Silver Prices Forecast: XAG/USD’s Stability Tested by Upcoming U.S. Labor Market | Silver Prices Forecast: XAG/USD Dips Ahead of US Labor Market Report | Eurozone Inflation and U.S ADP Nonfarm Payrolls Put the EUR and Dollar in Focus | Service Sector PMIs and ADP Nonfarm Payrolls to Keep the EUR and USD in Focus | Service Sector PMI and U.S Nonfarm Payrolls Put the EUR and USD in the Spotlight
event:employment,event,event:rate_hike,event,CO_OCCURRENCE,148,US STOCKS-Wall St ends lower as labor market strength stokes rate-hike fears | Wall St logs sharp losses as labor market strength stokes rate-hike fears | US STOCKS-Wall St set for lower open as jobs report stokes rate-hike worries | US STOCKS-Wall St subdued as signs of tight labor market fuel rate hike fears | US STOCKS-Wall Street climbs after jobs report rekindles hopes of smaller rate h
event:employment,event,asset:futures,asset,NEUTRAL_IMPACT,117,"US Stocks futures inch up ahead of more megacap earnings, employment data | S&P Futures Tread Water as Investors Await Key U.S. Jobs Report | Futures Hold Gains After Labor Market Data Misses Expectations | US Equities Futures Edge Up Ahead of Pivotal Jobs Report | US STOCKS-Futures subdued ahead of more megacap earnings, employment data"
event:employment,event,asset:futures,asset,NEGATIVE_IMPACT,113,"US STOCKS-Wall St futures slide after robust November jobs report | Stock Futures Trading Lower as Oil Braces For OPEC Announcement, Jobs Report | US Futures Slip Ahead of Jobs Report | US STOCKS-Futures dip ahead of labor market data | Nasdaq Futures Slip as Bond Yields Rebound, U.S. Jobs Report Looms"
event:employment,event,asset:futures,asset,POSITIVE_IMPACT,102,"US STOCKS-Futures rise ahead of weekly unemployment data | US STOCKS-Futures climb on Apple earnings cheer, key jobs report on tap | S&P Futures Climb as Investors Await Key U.S. Jobs Report | U.S. Stock Futures Build on Gains After Above-Consensus Gain in February Employm | Nasdaq Futures Climb as Bond Yields Retreat, U.S. Jobs Report Looms"
event:employment,event,asset:bonds,asset,NEGATIVE_IMPACT,91,"GLOBAL MARKETS-Stocks tumble, U.S. bond yields rise on strong jobs report | GLOBAL MARKETS-Stocks fall, U.S. bond yields jump on strong jobs report | GLOBAL MARKETS-Stocks, bonds tumble as stellar US jobs report may force Fed reth | TREASURIES-Yields fall as COVID-19, jobs report cloud economic view | PRECIOUS-Gold steadies as bond yields slip; focus on U.S. jobs report"
event:rate_cut,event,asset:stocks,asset,POSITIVE_IMPACT,83,"US STOCKS-Wall St set to open higher as investors pin hopes on Fed rate cuts | CANADA STOCKS- TSX eyes higher open on Fed rate cut hopes | CANADA STOCKS-Toronto shares at 10-month high on commodities boost, Fed rate cut | Midday Update: Stocks Rally on Labor Market Gains, Japanese Stimulus Measures &  | CANADA STOCKS-TSX futures gain on higher commodity prices, Fed rate cut bets"
event:employment,event,asset:investors,asset,NEUTRAL_IMPACT,75,Mid-Day Update: Stocks Mixed as Investors Digest Employment Data | Daily Markets: Investors Weigh Jobs Reports Against An Increasingly Uncertain Fu | US STOCKS-S&P 500 end lower as investors weigh fresh employment data | US STOCKS-S&P 500 flat as investors weigh fresh employment data | Daily Markets: What Investors Are Watching After Digesting March Jobs Report
event:employment,event,asset:bonds,asset,NEUTRAL_IMPACT,74,"Stocks Little Changed Before the Open as Bond Yields Stabilize, U.S. ADP Jobs Re | Nasdaq Futures Climb as Bond Yields Retreat, U.S. Jobs Report Looms | Treasury Secretary Warns 20% Unemployment Rate Possible Without Coronavirus Stim | US two-year Treasury yield surges to 16-year high after employment data | Positive Jobs Report Weighs on Treasury Bonds, ETFs"
event:rate_cut,event,asset:stocks,asset,NEUTRAL_IMPACT,70,Wall St futures inch up as investors pin hopes on Fed rate cuts | Wall St brokerages bring forward Fed rate cut expectations | US STOCKS-Wall St rises as soft employment data supports rate cut bets | CANADA STOCKS-TSX rises as Fed rate cut hopes outweigh sticky inflation data | 3 Stocks to Buy Now if You Think Fed Rate Cuts Are Still Coming
event:employment,event,asset:euro,asset,NEUTRAL_IMPACT,64,European Equity Benchmarks Close Higher; Euro Area Unemployment Rate Falls | Eurozone Inflation and U.S ADP Nonfarm Payrolls Put the EUR and Dollar in Focus | Service Sector PMIs and ADP Nonfarm Payrolls to Keep the EUR and USD in Focus | Service Sector PMI and U.S Nonfarm Payrolls Put the EUR and USD in the Spotlight | FOREX-Dollar on backfoot against euro after U.S. jobs report
event:employment,event,asset:bonds,asset,POSITIVE_IMPACT,62,"Nasdaq Futures Slip as Bond Yields Rebound, U.S. Jobs Report Looms | Stocks Set to Open Lower as Bond Yields Rebound, U.S. Jobs Report Looms | Markets Today: Stocks Slip as Bond Yields Climb on U.S. Labor Market Strength | Fed Stance Unaffected by Jobs Report as Treasury ETFs Climb | Government Bond Yields Rise After Jobs Report"
event:employment,event,asset:crude,asset,NEUTRAL_IMPACT,57,"Stock Futures Trading Lower as Oil Braces For OPEC Announcement, Jobs Report | Mid-Day ETF Update: ETFs, Stocks Weaker Despite Bump in Crude Oil Prices; Concer | Stocks Down as Employment Data Weighs; Crude Futures Back Off Yesterday's Gains | Commodities Finish Higher; Oil Rises on Strong Employment Data; Gold Adds Modest | Stocks Mixed at Mid-Day; Rising Crude Prices Weigh on Upbeat Jobs Report"
event:rate_cut,event,asset:dollar,asset,NEUTRAL_IMPACT,56,"Gold Prices Forecast: XAU/USD Steady as Fed Rate Cut Speculation Intensifies | Silver Prices Forecast: XAG/USD Firms Amid Fed Rate Cut Expectations | Dollar Bruised and Wounded by US Rate Cut Bets, Gold Snoozes | Dollar Weakens Amid Rising Bets of a Fed Rate Cut | Silver Prices Forecast: Fed Rate Cut Buzz Lifts XAG/USD to Three-Week High"
event:employment,event,asset:gold,asset,NEUTRAL_IMPACT,55,"Gold, Silver ETFs Hit Six-Month Highs On Jobs Report | Gold Price Forecast: Facing Fourth Weekly Loss Ahead of US Nonfarm Payrolls | Gold Price Forecast: Focus Shifts to Labor Market Data Amid Rate Hike Concerns | PRECIOUS-Gold steadies as bond yields slip; focus on U.S. jobs report | Commodities Finish Higher; Oil Rises on Strong Employment Data; Gold Adds Modest"
event:employment,event,asset:dow,asset,NEUTRAL_IMPACT,54,"Mid-Day Update: Record Highs Fueled by Bullish Labor Market Data; Dow Cracks 25, | Dow Jones Surges Ahead of Jobs Report | Dow Hits 17,000 On Jobs Report; Walgreen Same-Store-Sales Surge 7.5% | Dow Jones Rises as Labor Market Disappoints; Boeing Stock Sinks on Possible Equi | Dow Jones Rises on Jobs Report; Apple and McDonald's Hit the Brakes; Exxon Discl"
event:employment,event,asset:sp500,asset,NEUTRAL_IMPACT,52,"S&P 500 set to snap winning streak as labor market rebound slows | S&P 500 eases from five-month high as labor market rebound slows | US STOCKS-S&P 500 barely gains ahead of Powell testimony, jobs report | US STOCKS-S&P 500 flat as investors weigh fresh employment data | S&P Futures Tread Water as Investors Await Key U.S. Jobs Report"
asset:yields,asset,asset:bonds,asset,POSITIVE_CORRELATION,50,"Stocks Little Changed Before the Open as Bond Yields Stabilize, U.S. ADP Jobs Re | GLOBAL MARKETS-Stocks tumble, U.S. bond yields rise on strong jobs report | GLOBAL MARKETS-Stocks fall, U.S. bond yields jump on strong jobs report | Nasdaq Futures Climb as Bond Yields Retreat, U.S. Jobs Report Looms | Nasdaq Futures Slip as Bond Yields Rebound, U.S. Jobs Report Looms"
asset:euro,asset,asset:dollar,asset,POSITIVE_CORRELATION,47,Eurozone Inflation and U.S ADP Nonfarm Payrolls Put the EUR and Dollar in Focus | Service Sector PMIs and ADP Nonfarm Payrolls to Keep the EUR and USD in Focus | Service Sector PMI and U.S Nonfarm Payrolls Put the EUR and USD in the Spotlight | FOREX-Dollar on backfoot against euro after U.S. jobs report | EUR/USD Falls To 1.2900 after U.S. Unemployment Rate Drops To 9.4%
asset:stocks,asset,asset:sp500,asset,POSITIVE_CORRELATION,40,"US STOCKS-S&P 500 barely gains ahead of Powell testimony, jobs report | US STOCKS-S&P 500 ends slightly lower after jobs report | US STOCKS-S&P 500 end lower as investors weigh fresh employment data | US STOCKS-S&P 500 flat as investors weigh fresh employment data | US STOCKS-S&P 500 set for muted open as strong jobs report sparks inflation worr"
asset:europe_stocks,asset,asset:stocks,asset,POSITIVE_CORRELATION,38,"European Stocks Advance Led by Miners, Oil Stocks Ahead of US Jobs Report | European shares bounce back from U.S. jobs report hammering | European Stocks Edge Lower Ahead of US Jobs Report | European Stocks Rebound On US Jobs Report, Financial Sector Recovers | European Shares Rise After U.S. Jobs Report"
asset:stocks,asset,asset:dollar,asset,POSITIVE_CORRELATION,37,"GLOBAL MARKETS-Stocks steady, dollar gains as investors ponder Fed rate cuts | GLOBAL MARKETS-Shares sluggish, dollar dips as markets eye Fed rate cuts | GLOBAL MARKETS-Shares tread water, dollar dips as markets eye Fed rate cuts | Stocks Hold Steady as Weak Dollar Offsets Jobs Report | GLOBAL MARKETS-U.S. jobs report pares stock, dollar gains"
asset:stocks,asset,asset:investors,asset,POSITIVE_CORRELATION,36,"Mid-Day Update: Stocks Mixed as Investors Digest Employment Data | Wall St futures inch up as investors pin hopes on Fed rate cuts | US STOCKS-S&P 500 flat as investors weigh fresh employment data | Stocks Mixed at Mid-Day, Despite Positive Jobs Report, as Investors Consolidate  | Stocks Flat as Investors Eye Government Employment Data Due Tomorrow; Commoditie"
event:employment,event,asset:yen,asset,NEUTRAL_IMPACT,36,"Yen Falls Against Dollar and Euro Ahead of U.S. Jobs Report (FXY) | FOREX-Yen falls as Aussie jobs report peps risk appetite | FOREX-Euro rebounds, dollar up vs yen on jobs report | FOREX-Dollar rebounds vs yen, U.S. nonfarm payrolls awaited | FOREX-Dollar rises vs yen after U.S. jobs report"
asset:stocks,asset,asset:dow,asset,POSITIVE_CORRELATION,33,"Dow Jones Rises as Labor Market Disappoints; Boeing Stock Sinks on Possible Equi | Dow Jones Today: Another Round of Unemployment Data Dragged Stocks | Close Update: Dow Rallies Above 25,000 as Stocks Hit More Records Ahead of Key J | Dow Jones Today: Ides of March Linger as Jobs Report Punishes Stocks | Stock Market Today: Dow Jones, S&P 500 Open Mixed On December Jobs Report; GME S"
event:employment,event,asset:dollar,asset,NEGATIVE_IMPACT,32,"Jobs Report Nudges The Dollar Lower: 5 Things The Global Markets Are Talking Abo | US Dollar and Treasuries Fall After Jobs Report as Equities Move Higher | USD Settles Lower Despite Unemployment Rate Setting New Record | Canada dollar sags on U.S. jobs report, bonds fall | Dollar down on soft ADP ahead of jobs report"
asset:stocks,asset,asset:crude,asset,POSITIVE_CORRELATION,28,"European Stocks Advance Led by Miners, Oil Stocks Ahead of US Jobs Report | Stock Market Today: Oil Slammed Ahead of Jobs Report | Mid-Day ETF Update: ETFs, Stocks Lower, In Step with Crude as Investors Look Ahe | Mid-Day ETF Update: ETFs, Stocks Weaker Despite Bump in Crude Oil Prices; Concer | US STOCKS-Futures climb on lower oil prices; private jobs report in focus"
asset:dollar,asset,asset:yen,asset,POSITIVE_CORRELATION,27,"Yen Falls Against Dollar and Euro Ahead of U.S. Jobs Report (FXY) | FOREX-Euro rebounds, dollar up vs yen on jobs report | FOREX-Dollar rebounds vs yen, U.S. nonfarm payrolls awaited | FOREX-Dollar rises vs yen after U.S. jobs report | Dollar rises Vs yen after US jobs report"
event:employment,event,asset:dollar,asset,POSITIVE_IMPACT,26,"Dollar Rally Takes Breather Ahead Of U.S. Jobs Report | Another Strong Jobs Report May Not Be Sufficient To Reignite Dollar Rally | US Jobs Report Shows Dollar To Outperform Further | Wall Street stocks, dollar rally on U.S. jobs report | GLOBAL MARKETS-Wall Street stocks, dollar rally on U.S. jobs report"
asset:stocks,asset,asset:asia_stocks,asset,POSITIVE_CORRELATION,24,"Asian Stocks Mixed Ahead of US Jobs Report | Asian Shares Mixed After Weak US Jobs Report | Asian shares lower following U.S. jobs report | GLOBAL MARKETS-Asian shares creep up, nonfarm payrolls in focus | GLOBAL MARKETS-Asian shares, dollar awaits U.S. jobs report"
event:employment,event,asset:crude,asset,NEGATIVE_IMPACT,24,"Stock Market Today: Oil Slammed Ahead of Jobs Report | Mid-Day ETF Update: ETFs, Stocks Lower, In Step with Crude as Investors Look Ahe | US STOCKS-Futures climb on lower oil prices; private jobs report in focus | CANADA STOCKS-TSX futures fall on oil slump; employment data awaited | Large Cap Bank Stocks Trading Higher Pre-Market After Strong Jobs Report, S&P E-"
event:employment,event,asset:nikkei,asset,NEUTRAL_IMPACT,24,"Nikkei slips ahead of U.S. jobs report, Fast Retailing shines | Nikkei flat amid choppy trade, profit-taking ahead of U.S. jobs report | Nikkei drops as strong U.S. jobs report stokes concerns about Fed rate hike | Nikkei rises on upbeat U.S. jobs report; Fujifilm surges on Ebola cure hope | Nikkei falls 1.1 pct after jobs report; yen weighs"
event:employment,event,asset:yields,asset,POSITIVE_IMPACT,22,"Nasdaq Futures Slip as Bond Yields Rebound, U.S. Jobs Report Looms | Stocks Set to Open Lower as Bond Yields Rebound, U.S. Jobs Report Looms | Markets Today: Stocks Slip as Bond Yields Climb on U.S. Labor Market Strength | US STOCKS-S&P 500, Nasdaq fall as yields rally on hot labor market data | US STOCKS-S&P 500, Nasdaq set to fall as yields rally on labor market data"
event:employment,event,asset:crude,asset,POSITIVE_IMPACT,21,"European Stocks Advance Led by Miners, Oil Stocks Ahead of US Jobs Report | Solar, Jets ETFs Surge Amid Jobs Report, Oil Rout | Energy Stocks In Focus As Crude Oil Extends Rally, But Weak Employment Data Coul | Crude Oil and Gold Selling Off After Initially Trading Higher on Jobs Report | Dow Jones Today, Futures Slip As Oil Prices, Unemployment Data Spike; Walgreens "
event:employment,event,asset:gold,asset,NEGATIVE_IMPACT,21,"CANADA STOCKS-TSX slips on decline in bullion prices, grim employment data | COMMODITIES: Gold Loses Luster, Down More Than $30 Following Upbeat Nonfarm Payr | Shares of several gold and silver mining companies are trading lower as the US d | Large Cap Bank Stocks Trading Higher Pre-Market After Strong Jobs Report, S&P E- | Gold Movers Lower Following Jobs Report: Down ~$3/Oz. Over Last Few Mins., Down "
event:rate_cut,event,asset:stocks,asset,NEGATIVE_IMPACT,21,Shares of several banks and financial services companies are trading lower. The  | U.S. Stocks Slammed After Coronavirus Rate Cut; 2 Gold Stocks Make Bullish Moves | Stock Slide Continues After Recession Scare; Too Soon For A New Fed Rate Cut? | Financial stocks slide as traders bet on more Fed rate cuts | Argentina stocks pare initial jump on Fed rate cut
event:employment,event,asset:yields,asset,NEUTRAL_IMPACT,20,"Stocks Little Changed Before the Open as Bond Yields Stabilize, U.S. ADP Jobs Re | Nasdaq Futures Climb as Bond Yields Retreat, U.S. Jobs Report Looms | US two-year Treasury yield surges to 16-year high after employment data | TREASURIES-U.S. yields steady ahead of U.S. jobs report | TREASURIES-U.S. 10-year yields above 2 pct before jobs report"
asset:stocks,asset,asset:bonds,asset,POSITIVE_CORRELATION,20,"Stocks Little Changed Before the Open as Bond Yields Stabilize, U.S. ADP Jobs Re | GLOBAL MARKETS-Stocks tumble, U.S. bond yields rise on strong jobs report | GLOBAL MARKETS-Stocks fall, U.S. bond yields jump on strong jobs report | GLOBAL MARKETS-Stocks, bonds tumble as stellar US jobs report may force Fed reth | Stocks Soar on ECB Bond-Buying Plans, Jobs Report Optimism"
event:rate_cut,event,asset:futures,asset,NEUTRAL_IMPACT,19,"Wall St futures inch up as investors pin hopes on Fed rate cuts | Dow Jones Futures: Apple, AMD Lead Key Earnings Movers; Stock Market Rally Await | Dow Jones Futures: After Fed Rate Cut Flops, A Coronavirus Stock Market Correcti | US RATE FUTURES-March Fed rate cut ideas reshaped | US RATE FUTURES-Zero implied chance of June Fed rate cut"
asset:stocks,asset,asset:financials,asset,POSITIVE_CORRELATION,19,"Miners, financials lift Australian shares ahead of June employment data | US STOCKS-Wall St sinks on jitters about banks after mixed jobs report | US STOCKS-Wall St falls on jitters about banks after mixed jobs report | European Stocks Rebound On US Jobs Report, Financial Sector Recovers | US STOCKS-Wall St falls on bank stocks tumble, jobs report jitters"
event:employment,event,asset:yields,asset,NEGATIVE_IMPACT,18,"GLOBAL MARKETS-Stocks tumble, U.S. bond yields rise on strong jobs report | GLOBAL MARKETS-Stocks fall, U.S. bond yields jump on strong jobs report | TREASURIES-Yields fall as COVID-19, jobs report cloud economic view | PRECIOUS-Gold steadies as bond yields slip; focus on U.S. jobs report | Big miss in February jobs report sends U.S. yields lower"
event:employment,event,event:rate_cut,event,CO_OCCURRENCE,18,"US STOCKS-Wall St rises as soft employment data supports rate cut bets | Midday Update: Stocks Rally on Labor Market Gains, Japanese Stimulus Measures &  | Nonfarm Payrolls – It May Take More Than 1 Bad Reading to Force a Rate Cut | Stock Market Today: Jobs Report Makes for Layup Rate Cut?  | TREASURIES-Yields jump, rate cut expectations pared back after strong jobs repor"
asset:dow,asset,asset:sp500,asset,POSITIVE_CORRELATION,18,"Opening View: DJIA, SPX Ready to Rally as Jobs Report Jolts the Bulls | Opening View: DJIA, SPX Edge Lower Ahead of ADP Employment Data | Mid-Day ETF Update: ETFs, Stocks Surge Higher as Dow, S&P 500 Hit Record Highs o | Stock Market Today: Dow Jones, S&P 500 Open Mixed On December Jobs Report; GME S | US STOCKS-S&P 500, Dow dip as labor market recovery slows"
event:employment,event,asset:canadian_dollar,asset,NEUTRAL_IMPACT,18,"After a Blowout Jobs Report, Is The Canadian Dollar Now in Play? | Labor Market Numbers Put the Loonie and Greenback in Focus | USD/CAD levels to watch over Canadian jobs report via ForexLive | Canadian Dollar (FXC) Falls After Employment Data | Strong Canadian jobs report sends loonie flying"
event:rate_hike,event,asset:stocks,asset,NEUTRAL_IMPACT,17,Wall St logs sharp losses as labor market strength stokes rate-hike fears | US STOCKS-Wall St subdued as signs of tight labor market fuel rate hike fears | US STOCKS-Wall Street climbs after jobs report rekindles hopes of smaller rate h | US STOCKS-Wall Street tumbles as jobs report cements harsh rate hike outlook | Close Update: Wall Street Braces For December Rate Hike After Bullish October Jo
event:employment,event,asset:nasdaq,asset,NEUTRAL_IMPACT,17,"Nasdaq closes in on record high after surprise jobs report | Wall St jumps, Nasdaq set for record closing high after surprise jobs report | Close Update: Labor Market Report Powers S&P 500 and Nasdaq to Record Highs | US STOCKS-S&P 500, Nasdaq hit record highs as stimulus hopes outweigh dire jobs  | Tech lifts Nasdaq to record close but Wall Street mixed on jobs report"
asset:stocks,asset,asset:investors,asset,CO_OCCURRENCE,17,US STOCKS-Wall St set to open higher as investors pin hopes on Fed rate cuts | US STOCKS-S&P 500 end lower as investors weigh fresh employment data | Midday Update: Stocks Rally on Strong Jobs Report as Traders Accept Good News as | US STOCKS-Wall St ends lower as investors weigh fresh employment data | Mid-Day Update: Stocks Lower as Egypt Concerns Cap Momentum; Investors Await Fri
event:employment,event,asset:real,asset,NEUTRAL_IMPACT,17,"What Jumped Out Of This Jobs Report? - Real Time Insight | What's Your Favorite Jobs Report Stock? - Real Time Insight | EU Says Monti Addressed Real Challenges in Italy Labor Market | Why Did This Jobs Report Stink? - Real Time Insight | Real Estate Rallies On Strong Earnings, Robust Jobs Report"
event:employment,event,asset:financials,asset,NEUTRAL_IMPACT,17,"Sector Update: Financials Mixed Pre-Market Ahead of Jobs Report | Stocks Slip, But Try To Recover Amid Jobs Report Miss; Banks Up | US STOCKS-Wall St sinks on jitters about banks after mixed jobs report | US STOCKS-Wall St falls on jitters about banks after mixed jobs report | Trading Radar: Busy Holiday-Shortened Week Ahead With Nonfarm Payrolls and Centr"
event:rate_cut,event,asset:bonds,asset,POSITIVE_IMPACT,17,"TREASURIES-Yields jump, rate cut expectations pared back after strong jobs repor | TREASURIES-Extend rally in Asia on Fed rate cut view | TREASURIES-Rise in Asia on growth worries, Fed rate cut view | Mexico stocks off, bonds surge as US rate cut looms | TREASURIES-Bonds gain as traders see modest Fed rate cut"
event:employment,event,asset:gold,asset,POSITIVE_IMPACT,16,"Gold and Silver Miners Soar on the Heels of Weaker Employment Data -- Is This Ju | Gold Funds Sparkle Again And Stocks Kick Higher On 'Goldilocks' Jobs Report | Gold Futures Spike to High of $1365.60 Ahead on Nonfarm Payroll Data | Crude Oil and Gold Selling Off After Initially Trading Higher on Jobs Report | Gold, Silver Spike Higher Following Jobs Report"
asset:canadian_dollar,asset,asset:dollar,asset,POSITIVE_CORRELATION,16,"After a Blowout Jobs Report, Is The Canadian Dollar Now in Play? | Labor Market Numbers Put the Loonie and Greenback in Focus | USD/CAD levels to watch over Canadian jobs report via ForexLive | Canadian Dollar (FXC) Falls After Employment Data | USD/CAD - Canada's Jobs Report A Sideshow To NFP"
asset:japan_stocks,asset,asset:stocks,asset,POSITIVE_CORRELATION,16,"Japan stocks up on US rate cut hopes, yen retreat | Japan stocks open up but slip, Fed rate cut eyed | Japan stocks seen up on Fed rate cut hope, yen | Japanese stocks tumble 2 pct on Fed rate cut, yen | Japan stocks fall 2% after Fed rate cut, yen rise"
event:rate_cut,event,asset:bonds,asset,NEGATIVE_IMPACT,16,"GLOBAL MARKETS-Dlr up, bonds dip as Fed rate cut prospects wane | TREASURIES-Bonds fall as hopes dim for big Fed rate cut | TREASURIES-Bonds dip as players pare Fed rate cut bets | TREASURIES-Bonds fall on inflation risk from Fed rate cuts | Canadian dollar lower after Fed rate cut, bonds up"
event:employment,event,asset:aussie,asset,NEUTRAL_IMPACT,15,"Aussie Rises on Strong Employment Data | Can Employment Data Save The Aussie? | AUD/USD Between A Rock And A Hard Place Ahead Of Employment Data | FOREX-Yen falls as Aussie jobs report peps risk appetite | FOREX-Dollar dips before U.S. jobs report, Aussie firms"
asset:investors,asset,asset:futures,asset,POSITIVE_CORRELATION,13,"Wall St futures inch up as investors pin hopes on Fed rate cuts | S&P Futures Tread Water as Investors Await Key U.S. Jobs Report | US STOCKS-Futures edge higher with investors on jobs report watch | ETF Preview: ETFs, Futures Weaker as Investors Look Ahead to Nonfarm Payrolls, E | ETF Preview: ETFs, Futures Poised for Modest Gains At Opening Bell - Investors D"
event:employment,event,asset:europe_stocks,asset,POSITIVE_IMPACT,13,"European Stocks Advance Led by Miners, Oil Stocks Ahead of US Jobs Report | European Stocks Rebound On US Jobs Report, Financial Sector Recovers | European Shares Rise After U.S. Jobs Report | European Shares Gain After US Jobs Report | European shares rise after US jobs report, led by miners, autos"
event:rate_cut,event,asset:bonds,asset,NEUTRAL_IMPACT,13,3 Bond Funds To Consider Before The Next Fed Rate Cut | Bond Market Anticipating Future Fed Rate Cuts | Fed Rate Cuts And Low Bond Yields Should Drive Up The Price Of Gold | Treasury's Paulson says supports Fed rate cuts | TREASURIES-Bonds up in safe-haven bidding after Fed rate cut
asset:aussie,asset,asset:dollar,asset,POSITIVE_CORRELATION,13,"Australian Dollar At Risk As Markets Eye Third Coronavirus Rate Cut | AUD/USD Between A Rock And A Hard Place Ahead Of Employment Data | FOREX-Dollar dips before U.S. jobs report, Aussie firms | Australian dollar scales 8-month peak as unemployment rate falls   | Dollar Rises on Signs U.S. Labor Market is Improving; Aussie Dollar Slides"
event:rate_cut,event,asset:investors,asset,NEUTRAL_IMPACT,12,"Wall St futures inch up as investors pin hopes on Fed rate cuts | US STOCKS-Wall St set to open higher as investors pin hopes on Fed rate cuts | Gold on Track For Weekly Gain as Investors Await US Rate Cut | GLOBAL MARKETS-Stocks steady, dollar gains as investors ponder Fed rate cuts | 3 Bond Funds To Consider Before The Next Fed Rate Cut"
event:rate_cut,event,asset:gold,asset,NEUTRAL_IMPACT,12,"Gold Prices Forecast: XAU/USD Steady as Fed Rate Cut Speculation Intensifies | Dollar Bruised and Wounded by US Rate Cut Bets, Gold Snoozes | Gold could top $2K, Citi says, citing Fed rate cuts, global recession risk | Gold drops then pops after Fed rate cut | Fed Rate Cuts And Low Bond Yields Should Drive Up The Price Of Gold"
event:employment,event,asset:dow,asset,NEGATIVE_IMPACT,12,"Opening View: DJIA, SPX Edge Lower Ahead of ADP Employment Data | US STOCKS-S&P 500, Dow dip as labor market recovery slows | US STOCKS-S&P 500, Dow dip from record highs as labor market recovery slows | Dow Jones Gains 300 Points on Jobs Report, Merck Shares Slammed on Pfizer's COVI | Beaten-Down Dow Leaps at Open on Surprise Jobs Report"
event:rate_cut,event,asset:euro,asset,NEUTRAL_IMPACT,12,"Euro Bulls: Don’t Worry About Fed Rate Cut, Worry About Massive ECB Stimulus | FOREX-Dlr at record low vs euro on Fed rate cut expectations | FOREX-Euro hits all-time high vs dlr as US rate cuts weigh | FOREX-Dollar hits record low vs euro after Fed rate cut | FOREX-Dollar at lifetime low vs euro on US rate cut view"
event:employment,event,asset:pound,asset,NEUTRAL_IMPACT,12,"Pound ""working"" its way up after jobs report via ForexLive | FOREX-Sterling soars on UK election outcome; US jobs report awaited | Sterling rises after UK employment data | Sterling skids to six-month low after bumper U.S. jobs report | Yen rallies as U.S. jobs report looms, sterling surrenders gains"
event:employment,event,asset:sp500,asset,NEGATIVE_IMPACT,11,"US STOCKS-S&P 500 ends slightly lower after jobs report | US STOCKS-S&P 500 end lower as investors weigh fresh employment data | Opening View: DJIA, SPX Edge Lower Ahead of ADP Employment Data | US STOCKS-S&P 500, Nasdaq fall as yields rally on hot labor market data | US STOCKS-S&P 500, Nasdaq set to fall as yields rally on labor market data"
asset:dow,asset,asset:futures,asset,POSITIVE_CORRELATION,11,"Opening View: DJIA Futures Flat Ahead of ADP Employment Data | Opening View: DJIA Futures Flat Ahead of Employment Data | Dow Jones Futures: Apple, AMD Lead Key Earnings Movers; Stock Market Rally Await | Dow Jones Futures: After Fed Rate Cut Flops, A Coronavirus Stock Market Correcti | Dow Jones Futures Rise On China News; Jobs Report Key For Stock Market Rally; 5 "
event:employment,event,asset:europe_stocks,asset,NEGATIVE_IMPACT,11,"European Stocks Edge Lower Ahead of US Jobs Report | European shares pare gains after U.S. jobs report | European shares fall further, US jobs report weighs | European stocks drop on U.S. unemployment rate | RPT-European shares rise, Bunds fall after U.S. jobs report"
event:rate_cut,event,asset:dollar,asset,POSITIVE_IMPACT,11,"Shares of several gold and silver companies are trading higher as gold prices ri | US Dollar May Rise vs Euro if FOMC Minutes Cool Fed Rate Cut Bets | EUR/USD May Rise if Sentiment Data Amplifies Fed Rate Cut Bets | GLOBAL MARKETS-Stocks rally, dollar tumbles as US rate cut looms | FOREX-Dollar firm as Fed rate cut view scaled back"
event:employment,event,asset:copper,asset,NEUTRAL_IMPACT,11,Copper hit hardest by jobs report | METALS-Copper slides after weak U.S. jobs report | METALS-Copper rises as dollar falls after U.S. jobs report | Unemployment data lifts U.S. copper to 20-month peak | Unemployment data lifts US copper to 20-mth peak
event:rate_cut,event,asset:futures,asset,NEGATIVE_IMPACT,11,"US RATE FUTURES-Debt plan smacks down Fed rate cut views | US RATE FUTURES-Slip, but still see year-end Fed rate cut | US RATE FUTURES-Path to Fed rate cuts clearer on jobs drop | US RATE FUTURES-Trim chances for big Fed rate cut | JGB futures slide on stock rebound, Fed rate cut"
event:rate_hike,event,asset:stocks,asset,NEGATIVE_IMPACT,10,"US STOCKS-Wall St ends lower as labor market strength stokes rate-hike fears | US STOCKS-Wall St set for lower open as jobs report stokes rate-hike worries | US STOCKS-Wall Street ends sharply lower as jobs report cements rate hike regime | Close Update: Stocks Trade Lower As Jobs Report, Fed Officials Keep Rate Hike in | U.S. Stock ETFs Slide as Stellar Jobs Report Fuels Rate Hike Fears"
asset:nasdaq,asset,asset:stocks,asset,POSITIVE_CORRELATION,10,"Wall St jumps, Nasdaq set for record closing high after surprise jobs report | US STOCKS-S&P 500, Nasdaq hit record highs as stimulus hopes outweigh dire jobs  | US STOCKS-S&P 500, Nasdaq fall as yields rally on hot labor market data | US STOCKS-S&P 500, Nasdaq set to fall as yields rally on labor market data | Tech lifts Nasdaq to record close but Wall Street mixed on jobs report"
event:employment,event,asset:asia_stocks,asset,NEUTRAL_IMPACT,10,"Asian Stocks Mixed Ahead of US Jobs Report | Asian Shares Mixed After Weak US Jobs Report | GLOBAL MARKETS-Asian shares creep up, nonfarm payrolls in focus | GLOBAL MARKETS-Asian shares, dollar awaits U.S. jobs report | SE Asia Stocks - Most little changed ahead of US jobs report"
event:rate_cut,event,asset:futures,asset,POSITIVE_IMPACT,10,"CANADA STOCKS-TSX futures gain on higher commodity prices, Fed rate cut bets | Dow Jones Futures: Stock Market Rally Steady, Apple In Buy Range After Fed Rate  | US STOCKS-Futures gain on hopes for Fed rate cut | U.S. gold futures finish higher after Fed rate cut | US rate futures reflect higher chance of 75-bp Fed rate cut"
asset:crude,asset,asset:futures,asset,POSITIVE_CORRELATION,10,"Stocks Down as Employment Data Weighs; Crude Futures Back Off Yesterday's Gains | US STOCKS-Futures climb on lower oil prices; private jobs report in focus | CANADA STOCKS-TSX futures fall on oil slump; employment data awaited | Large Cap Bank Stocks Trading Higher Pre-Market After Strong Jobs Report, S&P E- | U.S. crude futures trim loss after jobs report"
event:employment,event,asset:healthcare,asset,NEUTRAL_IMPACT,10,"Big Pharma, Green Trucks And Jobs Report (Stocks To Watch Podcast) | Stocks To Watch: Big Pharma, Green Trucks And Jobs Report | Tech Stocks Lead On Strong Jobs Report; This Biotech Stock Soars |  Unemployment Rate Hurts Some Healthcare Industries, Helps Others | Professional Diversity Network Jobs Report Offers Positive Outlook for Diverse J"
event:rate_cut,event,asset:peso,asset,NEUTRAL_IMPACT,10,"Mexico peso jumps on Fed program; US rate cut eyed | Mexico peso gains as investors eye US rate cut | Chilean peso hits year-high after Fed rate cut | Mexican stocks, peso off on doubts over US rate cut | Mexico peso, stocks hit by US rate cut doubts"
event:employment,event,asset:peso,asset,NEUTRAL_IMPACT,10,Mexico peso gains on U.S. employment data | Mexico peso gains sharply on U.S. employment data | Mexican peso weakens after U.S. employment data | Colombia’s Peso Drops Most in a Week on U.S. Jobs Report | Colombia Peso Gains as U.S. Jobs Report Signals Export Demand
event:employment,event,asset:dow,asset,POSITIVE_IMPACT,9,"Spurred Higher by Jobs Report, Dow Settles Above 15,000 | Opening View: DJIA, SPX Ready to Rally as Jobs Report Jolts the Bulls | Dow Secures Triple-Digit Gain as Employment Data Looms | Dow Jones Futures Rise On China News; Jobs Report Key For Stock Market Rally; 5  | Dow Jones Today: Stock Market Rally Holds Breath For Jobs Report; Apple Reclaims"
event:employment,event,asset:investors,asset,POSITIVE_IMPACT,9,"US STOCKS-Futures edge higher with investors on jobs report watch | Gold Funds Sparkle Again And Stocks Kick Higher On 'Goldilocks' Jobs Report | Labor Market's Loss = Investors' Gain: Worth it? - Analyst Blog | Traders Watching Banks Move Higher, Attributing Move to Comment from Atlanta Fed | Traders boost bets on Fed rate hike after strong jobs report"
asset:real,asset,asset:stocks,asset,POSITIVE_CORRELATION,9,"What's Your Favorite Jobs Report Stock? - Real Time Insight | Shares of several real estate companies are trading higher as equities continue  | Shares of several real estate companies are trading higher as equities continue  | Brazil stocks up on unemployment data, real dips | U.S. jobs report hit commercial real estate shares"
asset:stocks,asset,asset:healthcare,asset,POSITIVE_CORRELATION,9,"Shares of several healthcare companies are trading lower in sympathy with the ov | Shares of several healthcare companies are trading lower amid market weakness fo | Big Pharma, Green Trucks And Jobs Report (Stocks To Watch Podcast) | Stocks To Watch: Big Pharma, Green Trucks And Jobs Report | Tech Stocks Lead On Strong Jobs Report; This Biotech Stock Soars"
event:employment,event,asset:investors,asset,NEGATIVE_IMPACT,9,"Shares of several industrial companies are trading lower amid market weakness fo | Shares of several technology companies are trading lower amid market weakness, s | Shares of several financial services companies are trading lower amid market wea | Shares of several healthcare companies are trading lower amid market weakness fo | Gold Ticks Lower, Investors Eye Nonfarm Payrolls"
asset:bonds,asset,asset:dollar,asset,POSITIVE_CORRELATION,9,"US Dollar and Treasuries Fall After Jobs Report as Equities Move Higher | GLOBAL MARKETS-Dlr up, bonds dip as Fed rate cut prospects wane | Canada dollar sags on U.S. jobs report, bonds fall | Canadian dollar surges on jobs report, bonds slide | GLOBAL MARKETS-Dollar, Treasury yields rise after US jobs report"
event:rate_cut,event,asset:nikkei,asset,NEUTRAL_IMPACT,9,"Nikkei seen rising on hopes for large US rate cuts | Nikkei up 3 pct on earnings, chance of Fed rate cut | Nikkei jumps 3.3 pct on Fed rate cut | Nikkei ends up 3.7 pct on relief over Fed rate cut | Nikkei rises 1.1 pct on Fed rate cut, Honda slides"
event:employment,event,asset:euro,asset,NEGATIVE_IMPACT,9,"EURO GOVT-Bunds dip after U.S. jobs report | GLOBAL MARKETS-Stocks, euro slide after tepid US jobs report | Stocks, euro slip as U.S. jobs report awaited | CORRECTED-GLOBAL MARKETS-Stocks, euro slip as US jobs report awaited | GLOBAL MARKETS-Stocks, euro slip as jobs report, Fed move awaited"
asset:stocks,asset,asset:crude,asset,CO_OCCURRENCE,8,"Stock Futures Trading Lower as Oil Braces For OPEC Announcement, Jobs Report | Stocks Down as Employment Data Weighs; Crude Futures Back Off Yesterday's Gains | Mid-Day Update: Stocks Firmly Lower as Crude Prices, Employment Data Weigh on In | Energy Stocks In Focus As Crude Oil Extends Rally, But Weak Employment Data Coul | Stocks Fall As Oil Plummets Ahead Of Key Jobs Report"
asset:stocks,asset,asset:gold,asset,POSITIVE_CORRELATION,8,"CANADA STOCKS-TSX slips on decline in bullion prices, grim employment data | Gold Funds Sparkle Again And Stocks Kick Higher On 'Goldilocks' Jobs Report | Gold Stock Roundup: Weak Jobs Reports Sends Gold Prices Soaring (ABX, BTG, KGC,  | Shares of several gold and silver mining companies are trading lower as the US d | Shares of several gold companies are trading higher as renewed speculation of a "
asset:yields,asset,asset:stocks,asset,POSITIVE_CORRELATION,7,"Stocks Little Changed Before the Open as Bond Yields Stabilize, U.S. ADP Jobs Re | GLOBAL MARKETS-Stocks tumble, U.S. bond yields rise on strong jobs report | GLOBAL MARKETS-Stocks fall, U.S. bond yields jump on strong jobs report | GLOBAL MARKETS-Stocks, yields slide after U.S. jobs report as Omicron looms | TREASURIES-US yields rise as stocks rally after Fed rate cut"
asset:futures,asset,asset:sp500,asset,POSITIVE_CORRELATION,7,"S&P Futures Climb as Investors Await Key U.S. Jobs Report | S&P Futures Tread Water as Investors Await Key U.S. Jobs Report | US STOCKS-S&P, Nasdaq futures at record highs before January jobs report | US STOCKS-S&P futures at record high ahead of nonfarm payrolls data | Jobs Report Comes In Lower Than Expected, S&P 500 Futures Fall Under 2,100"
asset:gold,asset,asset:silver,asset,POSITIVE_CORRELATION,7,"Gold and Silver Miners Soar on the Heels of Weaker Employment Data -- Is This Ju | Gold, Silver ETFs Hit Six-Month Highs On Jobs Report | Shares of several gold and silver companies are trading higher as gold prices ri | Shares of several gold and silver mining companies are trading lower as the US d | Gold, Silver Spike Higher Following Jobs Report"
asset:nasdaq,asset,asset:sp500,asset,POSITIVE_CORRELATION,7,"Close Update: Labor Market Report Powers S&P 500 and Nasdaq to Record Highs | US STOCKS-S&P 500, Nasdaq hit record highs as stimulus hopes outweigh dire jobs  | US STOCKS-S&P 500, Nasdaq fall as yields rally on hot labor market data | US STOCKS-S&P 500, Nasdaq set to fall as yields rally on labor market data | US STOCKS-S&P, Nasdaq futures at record highs before January jobs report"
asset:stocks,asset,asset:bonds,asset,NEGATIVE_CORRELATION,7,"Stocks Set to Open Lower as Bond Yields Rebound, U.S. Jobs Report Looms | Markets Today: Stocks Slip as Bond Yields Climb on U.S. Labor Market Strength | TREASURIES-Prices fall as stocks gain; nonfarm payrolls awaited | TREASURIES-Prices slip as stocks gain; nonfarm payrolls awaited | GLOBAL MARKETS-Stocks, oil slip on US jobs report; bonds rally"
asset:dollar,asset,asset:gold,asset,POSITIVE_CORRELATION,7,"Gold Prices Forecast: XAU/USD Steady as Fed Rate Cut Speculation Intensifies | Dollar Bruised and Wounded by US Rate Cut Bets, Gold Snoozes | Gold falls as dollar firms after U.S. jobs report | US gold slightly down on dollar after jobs report | PRECIOUS-Gold stays below $1,200 as US jobs report boosts dollar"
event:employment,event,asset:financials,asset,NEGATIVE_IMPACT,7,"US STOCKS-Wall St falls on bank stocks tumble, jobs report jitters | Mid-Day Update: Stocks Slip as Employment Data Disappoints; Financials Broadly L | Shares of several financial services companies are trading lower amid market wea | Large Cap Bank Stocks Trading Higher Pre-Market After Strong Jobs Report, S&P E- | US STOCKS-Wall St led lower by banks, jobs report weighs"
asset:gold,asset,asset:futures,asset,POSITIVE_CORRELATION,7,"Large Cap Bank Stocks Trading Higher Pre-Market After Strong Jobs Report, S&P E- | Gold Futures Spike to High of $1365.60 Ahead on Nonfarm Payroll Data | Gold Futures Up ~$13 Or ~1.20% Following Weak US Jobs Report | U.S. gold futures finish higher after Fed rate cut | Gold Futures Pare Gains in New York After U.S. Jobs Report"
asset:euro,asset,asset:yen,asset,POSITIVE_CORRELATION,7,"Yen Falls Against Dollar and Euro Ahead of U.S. Jobs Report (FXY) | FOREX-Euro rebounds, dollar up vs yen on jobs report | CANADA FX DEBT-Bumper U.S. jobs report drives C$ up vs euro, yen | Dollar rises vs euro, yen after U.S. jobs report | FOREX-Dollar soars vs euro, yen, boosted by jobs report"
asset:stocks,asset,asset:gold,asset,CO_OCCURRENCE,7,"Stocks Up On ECB, Jobs Report; Gold Miners Rally | U.S. Stocks Slammed After Coronavirus Rate Cut; 2 Gold Stocks Make Bullish Moves | PRECIOUS-Gold eases as U.S. equities rally, nonfarm payrolls eyed | CANADA STOCKS-TSX ends flat after jobs report but gold miners surge | CANADA STOCKS-TSX steady after jobs report; gold miners gain"
asset:stocks,asset,asset:yen,asset,POSITIVE_CORRELATION,7,"Japan stocks up on US rate cut hopes, yen retreat | Japan stocks seen up on Fed rate cut hope, yen | Japanese stocks tumble 2 pct on Fed rate cut, yen | Japan stocks fall 2% after Fed rate cut, yen rise | Japanese stocks slide after Fed rate cut, yen rise"
event:rate_cut,event,asset:ftse,asset,NEUTRAL_IMPACT,7,"FTSE surges as banks lead; Fed rate cut hopes boost | FTSE surges 1.7 pct as world bets on US rate cut | FTSE falls after Fed rate cut; N. Rock bid hitch | FTSE rises on Fed rate cut, Northern Rock dips | FTSE soars 3.5 pct on hopes for hefty US rate cut"
event:employment,event,asset:ftse,asset,NEUTRAL_IMPACT,7,FTSE up ahead of U.S. jobs report | FTSE up ahead of U.S. jobs report; miners gain | FTSE rebounds after weak U.S. jobs report | FTSE slips 0.4 pct ahead of U.S. jobs report | Britain's FTSE firmer after U.S. jobs report
asset:stocks,asset,asset:peso,asset,POSITIVE_CORRELATION,7,"Mexico stocks drop, peso flat as US rate cut looms | Mexico stocks rise on U.S. jobs report, peso slips | Mexican stocks, peso off on doubts over US rate cut | Mexico peso, stocks hit by US rate cut doubts | Mexican peso, stocks hit by doubts on US rate cut"
event:rate_cut,event,asset:financials,asset,POSITIVE_IMPACT,7,"US STOCKS-Financials Surge Ahead of Expected Fed Rate Cut | US STOCKS-Financials surge ahead of expected Fed rate cut | US STOCKS-Stocks soar after Fed rate cut, financials rally | Nikkei climbs 0.5 pct on Fed rate cut, banks rise | Nikkei climbs 0.5 pct after Fed rate cut, banks rise"
asset:bonds,asset,asset:futures,asset,POSITIVE_CORRELATION,7,"UPDATE 1-CME paused Treasuries futures trading before jobs report | CME paused trading in Treasuries futures before jobs report | EURO GOVT-Bund futures fall ahead of US ADP jobs report | Stock Futures in U.S., Commodities Climb, Treasuries Tumble on Jobs Report | Stock Futures in U.S. Slump, Treasuries Gain as Unemployment Rate Climbs"
event:employment,event,asset:asia_stocks,asset,POSITIVE_IMPACT,7,"Asian Stocks Advance for First Time in Three Days on U.S. Jobs Report; Oil | Asian Stocks Rise as U.S. Jobs Report Boosts Confidence in Global Recovery | Asian Stocks Advance for Fourth Day This Week on U.S. Employment Data, Oil | Asian Stocks Rise Outside Japan on U.S. Employment Data | Asian Stocks Rise on U.S. Jobs Report, China's Takeover Bid; Equinox Gains"
event:employment,event,asset:sp500,asset,POSITIVE_IMPACT,6,"S&P Futures Climb as Investors Await Key U.S. Jobs Report | Opening View: DJIA, SPX Ready to Rally as Jobs Report Jolts the Bulls | Midday Update: Stocks Rally, S&P 500 Hits Record High on Upbeat July Jobs Report | U.S. Stocks Drop as Jobs Report Wipes Out S&P 500’s Weekly Gain | S&P 500 Snaps 3-Day Rally on ECB Ahead of Jobs Report"
event:employment,event,asset:silver,asset,NEUTRAL_IMPACT,6,"Silver Prices Forecast: XAG/USD’s Stability Tested by Upcoming U.S. Labor Market | Silver Prices Forecast: XAG/USD Dips Ahead of US Labor Market Report | Gold, Silver ETFs Hit Six-Month Highs On Jobs Report | Silver Price Forecast: Gains Capped Ahead of Nonfarm Payrolls Report | Gold Pops, Silver Sputters on Weak Jobs Report"
event:employment,event,asset:europe_stocks,asset,NEUTRAL_IMPACT,6,"European shares bounce back from U.S. jobs report hammering | Europe shares near 2-yr high after US jobs report | European shares steady before U.S. jobs report | European Stocks, U.S. Futures Are Little Changed Before Unemployment Data | European Stocks Retreat as U.S. Jobs Report Misses Estimates"
asset:stocks,asset,asset:dow,asset,CO_OCCURRENCE,6,"Mid-Day ETF Update: ETFs, Stocks Continue Rally as Dow Surpasses 25,000 Mark on  | Mid-Day ETF Update: ETFs, Stocks Surge Higher as Dow, S&P 500 Hit Record Highs o | Stocks Jump After January Jobs Report; Dow Tops 14,000 | Dow Jones Futures: Apple, AMD Lead Key Earnings Movers; Stock Market Rally Await | Dow Jones Cools Ahead Of Fed Rate Cut Decision; Why CDW Stock Is A Higher-Risk B"
event:rate_cut,event,asset:gold,asset,POSITIVE_IMPACT,6,"Gold on Track For Weekly Gain as Investors Await US Rate Cut | Shares of several gold and silver companies are trading higher as gold prices ri | Shares of several gold companies are trading higher as renewed speculation of a  | U.S. gold futures finish higher after Fed rate cut | GLOBAL MARKETS-US rate cut hopes send stocks, gold higher"
event:employment,event,asset:pound,asset,NEGATIVE_IMPACT,6,"Forex Daily Recap – Poor UK Unemployment Data Weighed Down The Cable | Stocks down before jobs report, sterling falls | GLOBAL MARKETS-US stocks down before jobs report, sterling falls | Pound Erases Drop Versus Euro on Unemployment Rate, BOE Minutes | Pound Extends Decline After U.K. Unemployment Data, BOE Minutes"
asset:stocks,asset,asset:dollar,asset,CO_OCCURRENCE,6,Shares of several gold and silver mining companies are trading lower as the US d | Shares of several gold companies are trading higher as renewed speculation of a  | Stocks surge after U.S. jobs report; dollar slips | CORRECTED-GLOBAL MARKETS-Stocks surge after U.S. jobs report; dollar slips | GLOBAL MARKETS-Stocks rally after U.S. jobs report; dollar slips
event:employment,event,asset:copper,asset,NEGATIVE_IMPACT,6,"Crude Oil, RBOB Gasoline, and Copper Futures Moving Lower after Employment Data | US gold down after nonfarm payrolls, copper higher | U.S. copper settles lower on soft employment data | Copper Rebounds, Paring Weekly Decline, Before U.S. Jobs Report | Copper Pares Drop on London Metal Exchange After Jobs Report"
event:rate_cut,event,asset:dow,asset,NEUTRAL_IMPACT,6,"Dow Jones Futures: Apple, AMD Lead Key Earnings Movers; Stock Market Rally Await | Dow Jones Plunges Further As Fed Rate Cut Fails To Boost Confidence, Coronavirus | Dow Jones Futures: After Fed Rate Cut Flops, A Coronavirus Stock Market Correcti | Dow Sells Off After Surprise Fed Coronavirus Rate Cut; Trump Tweets Demand For M | Dow Jones Cools Ahead Of Fed Rate Cut Decision; Why CDW Stock Is A Higher-Risk B"
event:rate_cut,event,asset:financials,asset,NEUTRAL_IMPACT,6,Strong Jobs Report Lowers Big Rate Cut Chance: Banks Rejoice | Stephens downgrades regional banks amid anticipation of Fed rate cut | ANALYSIS-Fed Rate Cut Won't End Banks' Woes | FTSE surges as banks lead; Fed rate cut hopes boost | HK banks may not follow further US rate cuts -HSBC
asset:stocks,asset,asset:bonds,asset,CO_OCCURRENCE,6,"Stocks Crumble On Jobs Report; Banks Get Clobbered, Bonds Climb | TREASURIES-Bonds slip after US jobs report; eye stocks | TREASURIES-Bonds stumble as stocks rebound, eye on jobs report | TREASURIES-Bonds jump as stocks tank despite Fed rate cut | U.K. Gilts Decline as Equities, U.S. Jobs Report Reduce Demand for Safety"
event:rate_hike,event,asset:investors,asset,NEUTRAL_IMPACT,6,US STOCKS-Wall St slips as investors eye rate hike after jobs report | Traders see more chance of 2016 rate hike after jobs report | Traders price in earlier 2016 rate hike after jobs report | Traders nix bets on summer U.S. rate hike after weak jobs report | UPDATE 1-Traders nix bets on summer U.S. rate hike after weak jobs report
event:employment,event,asset:emerging_markets,asset,NEUTRAL_IMPACT,6,EMERGING MARKETS-Latam currencies sell off after robust US jobs report | EMERGING MARKETS-US jobs report emboldens risk takers in LatAm | EMERGING MARKETS-Thin trading in LatAm markets after U.S. jobs report | EMERGING MARKETS-Latam stocks hit by weak U.S. jobs report | Manpower Employment Outlook Survey Shows Emerging Markets Continue to Lead Globa
asset:yields,asset,asset:dollar,asset,POSITIVE_CORRELATION,6,"GLOBAL MARKETS-Dollar, Treasury yields rise after US jobs report | GLOBAL MARKETS-U.S. employment data weigh on dollar, Treasury yields | GLOBAL MARKETS-U.S. employment data drag down dollar, Treasury yields | Dollar and U.S. yields rise, stocks fall after jobs report keeps Fed hike alive | GLOBAL MARKETS-Dollar and U.S. yields rise, stocks fall after jobs report keeps "
event:rate_hike,event,asset:euro,asset,NEUTRAL_IMPACT,6,Euro-Area Unemployment Rate Rises to Record 11.8% Amid Recession | Euro-Region Unemployment Rate Rises to Record 11.4% | Euro-Area Unemployment Rate Rises to Record: Economy | Portugal’s Unemployment Rate Rises to New Euro-Era Record | Portugal’s Unemployment Rate Increases to Euro-Era Record 15%
event:employment,event,asset:financials,asset,POSITIVE_IMPACT,5,"Miners, financials lift Australian shares ahead of June employment data | European Stocks Rebound On US Jobs Report, Financial Sector Recovers | Traders Watching Banks Move Higher, Attributing Move to Comment from Atlanta Fed | Stocks Crumble On Jobs Report; Banks Get Clobbered, Bonds Climb | Most U.S. Stocks Advance on Employment Data, Rally Among Banks"
asset:dollar,asset,asset:silver,asset,POSITIVE_CORRELATION,5,Silver Prices Forecast: XAG/USD’s Stability Tested by Upcoming U.S. Labor Market | Silver Prices Forecast: XAG/USD Firms Amid Fed Rate Cut Expectations | Silver Prices Forecast: XAG/USD Dips Ahead of US Labor Market Report | Silver Prices Forecast: Fed Rate Cut Buzz Lifts XAG/USD to Three-Week High | Shares of several gold and silver companies are trading higher as gold prices ri
asset:gold,asset,asset:investors,asset,POSITIVE_CORRELATION,5,"Gold Funds Sparkle Again And Stocks Kick Higher On 'Goldilocks' Jobs Report | Shares of several gold and silver companies are trading higher as gold prices ri | Gold Ticks Lower, Investors Eye Nonfarm Payrolls | Investors Got It Wrong: The Latest Jobs Report And Rising Interest Rates Are Rea | PRECIOUS-Gold firms on U.S. data, investors cautious ahead of ECB, nonfarm payro"
asset:crude,asset,asset:gold,asset,POSITIVE_CORRELATION,5,"Commodities Finish Higher; Oil Rises on Strong Employment Data; Gold Adds Modest | Large Cap Bank Stocks Trading Higher Pre-Market After Strong Jobs Report, S&P E- | Crude Oil and Gold Selling Off After Initially Trading Higher on Jobs Report | US gold rises on oil rally after jobs report | U.S. gold falls sharply on oil losses, jobs report"
asset:nasdaq,asset,asset:stocks,asset,CO_OCCURRENCE,5,"Mid-Day ETF Update: ETFs, Stocks Higher; Nasdaq Hits Record High Following Upbea | Nasdaq Hits 11-Year High As Stocks Rally On Jobs Report | Stocks Close Higher As Wall Street Cheers Jobs Report; Nasdaq Clears Key Level | Stocks Close Higher As Nasdaq Leads Broad Gains; Jobs Report Looms | US STOCKS-S&P;, Nasdaq end higher on Fed rate cut hopes"
asset:copper,asset,asset:futures,asset,POSITIVE_CORRELATION,5,"Crude Oil, RBOB Gasoline, and Copper Futures Moving Lower after Employment Data | US copper futures trim gains after Fed rate cut | US copper futures trims losses after Fed rate cut | US copper futures gain ground ahead of Fed rate cut | US copper futures trim early losses on Fed rate cut"
asset:bonds,asset,asset:investors,asset,POSITIVE_CORRELATION,5,"3 Bond Funds To Consider Before The Next Fed Rate Cut | TREASURIES-Bond yields rise, traders eye Friday jobs report | TREASURIES-U.S. bonds steady as investors await jobs report | TREASURIES-Prices down as investors pare US rate cut bets | TREASURIES-Yields little moved as investors eye April jobs report"
event:employment,event,asset:asia_stocks,asset,NEGATIVE_IMPACT,5,"Asian shares lower following U.S. jobs report | Asian Stocks Slide as Jobs Report Adds to Growth Concern | Asian Stocks Pare Monthly Slump on U.S. Economic Data Before Jobs Report | Asian Stocks Decline as Investors Await U.S. Jobs Report; Honda, LG Drop | Asian Stocks Fall as Oil Drops on Libya, U.S. Employment Data Disappoints"
event:rate_cut,event,asset:dollar,asset,NEGATIVE_IMPACT,5,"USD May Fall on ISM Data, Virus Fears, Inflamed Fed Rate Cut Bets | GLOBAL MARKETS-Dlr up, bonds dip as Fed rate cut prospects wane | Dollar Libor rates fall after Fed rate cut | Canadian dollar lower after Fed rate cut, bonds up | FOREX-Dollar, yen dip on Fed rate cut expectations"
event:rate_cut,event,asset:japan_stocks,asset,NEUTRAL_IMPACT,5,"Japan stocks up on US rate cut hopes, yen retreat | Japan stocks open up but slip, Fed rate cut eyed | Japan stocks seen up on Fed rate cut hope, yen | Japan stocks up after Fed rate cut, but off highs | Japan stocks seen up after Fed rate cut, but volatile"
event:rate_cut,event,asset:yen,asset,NEUTRAL_IMPACT,5,"Japan stocks up on US rate cut hopes, yen retreat | Japan stocks seen up on Fed rate cut hope, yen | FOREX-Surprise Fed rate cut shakes dollar, yen struggles =2 | FOREX-Surprise Fed rate cut shakes dollar, yen struggles | GLOBAL MARKETS-Stocks gain;yen dips as mkts foresee US rate cut"
asset:japan_stocks,asset,asset:yen,asset,POSITIVE_CORRELATION,5,"Japan stocks up on US rate cut hopes, yen retreat | Japan stocks seen up on Fed rate cut hope, yen | Japanese stocks tumble 2 pct on Fed rate cut, yen | Japan stocks fall 2% after Fed rate cut, yen rise | Japanese stocks slide after Fed rate cut, yen rise"
asset:yields,asset,asset:ust10y,asset,POSITIVE_CORRELATION,5,TREASURIES-U.S. 10-year yields above 2 pct before jobs report | Better jobs report pushes 10-year yield above 2 percent | TREASURIES-Better jobs report pushes 10-yr yield above 2 pct | JGB 10-year yield hits 8-mth low after Fed rate cut | Treasury 10-Year Yield Climbs to Highest in 9 Months After Employment Data
asset:euro,asset,asset:stocks,asset,POSITIVE_CORRELATION,5,"GLOBAL MARKETS-Stocks, euro slide after tepid US jobs report | Stocks, euro slip as U.S. jobs report awaited | CORRECTED-GLOBAL MARKETS-Stocks, euro slip as US jobs report awaited | GLOBAL MARKETS-Stocks, euro slip as jobs report, Fed move awaited | Euro stocks jump at Fed rate cut"
event:employment,event,asset:ftse,asset,NEGATIVE_IMPACT,5,FTSE's drop steadies ahead of U.S. jobs report | Banks drag FTSE lower; U.S. jobs report eyed | CORRECTED - FTSE down as oils weigh; U.S. jobs report eyed | FTSE down 0.6 percent midday; U.S. jobs report awaited | FTSE 100 Index Extends Decline on U.S. Jobs Report; Lenders Cascade Lower
event:rate_cut,event,asset:europe_stocks,asset,NEUTRAL_IMPACT,5,"Fed rate cut uncertainty weighs on European stocks | Europe stocks extend losses on Fed rate cut doubt | European stocks recover, Fed rate cut awaited | European stocks add to gains after Fed rate cut | European shares reverse losses after Fed rate cut"
asset:investors,asset,asset:futures,asset,CO_OCCURRENCE,4,"S&P Futures Climb as Investors Await Key U.S. Jobs Report | ETF Preview: ETFs, Futures Slip as Investors Fret Ahead of Q1 Earnings, Nonfarm  | US Stock Futures Down As Investors Await September Employment Data | US Stock Futures Down As Investors Await Nonfarm Payrolls Data"
asset:yields,asset,asset:stocks,asset,NEGATIVE_CORRELATION,4,"Stocks Set to Open Lower as Bond Yields Rebound, U.S. Jobs Report Looms | Markets Today: Stocks Slip as Bond Yields Climb on U.S. Labor Market Strength | US STOCKS-S&P 500, Nasdaq fall as yields rally on hot labor market data | US STOCKS-S&P 500, Nasdaq set to fall as yields rally on labor market data"
asset:stocks,asset,asset:futures,asset,CO_OCCURRENCE,4,"ETF Preview: ETFs, Futures Slip as Wall Street Remains Cautious Ahead of Friday' | Stocks Down as Employment Data Weighs; Crude Futures Back Off Yesterday's Gains | Dow Jones Futures: Apple, AMD Lead Key Earnings Movers; Stock Market Rally Await | European Stocks Gain for Third Day; Futures Fluctuate Before Jobs Report"
event:employment,event,asset:emerging_markets,asset,NEGATIVE_IMPACT,4,"EMERGING MARKETS-Latam markets fall after U.S. jobs report | EMERGING MARKETS-Latam stocks slip on US jobs report | EMERGING MARKETS-Brazil stocks down on China, unemployment data | Emerging Markets-Prices drop ahead of US jobs report"
asset:euro,asset,asset:bonds,asset,POSITIVE_CORRELATION,4,EURO GOVT-Bunds surge on weak US jobs report | EURO GOVT-Bunds dip after U.S. jobs report | EURO GOVT-Bunds slip briefly after U.S. ADP jobs report  | EURO GOVT-Bund futures fall ahead of US ADP jobs report
event:employment,event,asset:ust10y,asset,NEUTRAL_IMPACT,4,TREASURIES-U.S. 10-year yields above 2 pct before jobs report | Better jobs report pushes 10-year yield above 2 percent | TREASURIES-Better jobs report pushes 10-yr yield above 2 pct | Treasury 10-Year Yield Climbs to Highest in 9 Months After Employment Data
asset:stocks,asset,asset:hk_stocks,asset,POSITIVE_CORRELATION,4,"HK stocks seen rising after strong U.S. jobs report | HK shares rebound on US rate cut, led by financials | HK shares recover after US rate cut, HSBC leads | Recovery seen for HK stocks after US rate cut"
event:rate_cut,event,asset:yen,asset,NEGATIVE_IMPACT,4,"Japanese stocks tumble 2 pct on Fed rate cut, yen | Japan stocks fall 2% after Fed rate cut, yen rise | Japanese stocks slide after Fed rate cut, yen rise | FOREX-Dollar, yen dip on Fed rate cut expectations"
event:rate_cut,event,asset:copper,asset,NEUTRAL_IMPACT,4,UPDATE 7-Copper slips on disappointing Fed rate cut | US copper ends up in anticipation of Fed rate cut | US copper futures trims losses after Fed rate cut | US copper settle off lows on Fed rate cut optimism
event:employment,event,asset:yen,asset,POSITIVE_IMPACT,4,"FOREX-Jobs report helps lift dollar versus yen | FOREX-Yen holds firm tone before U.S. jobs report | FOREX-Yen rise after disappointing U.S. jobs report | Australian, New Zealand Dollars Advance Versus Yen on U.S. Employment Data"
event:rate_cut,event,asset:real,asset,POSITIVE_IMPACT,4,"Brazil's real, stocks gain on Fed rate cut hope | Brazil stocks rise after US rate cut, real surges | Brazil stocks rise after Fed rate cut, real steady | Brazil's stocks jump, real rallies on Fed rate cut"
asset:crude,asset,asset:futures,asset,CO_OCCURRENCE,3,"Stock Futures Trading Lower as Oil Braces For OPEC Announcement, Jobs Report | Crude Oil, RBOB Gasoline, and Copper Futures Moving Lower after Employment Data | Crude Oil Volatility Falls as Futures Gain on Jobs Report"
event:employment,event,asset:silver,asset,POSITIVE_IMPACT,3,"Gold and Silver Miners Soar on the Heels of Weaker Employment Data -- Is This Ju | Silver ETFs Surge As Precious Metals React To Disheartening Jobs Report | Gold, Silver Spike Higher Following Jobs Report"
event:employment,event,asset:nasdaq,asset,POSITIVE_IMPACT,3,"Nasdaq Futures Climb as Bond Yields Retreat, U.S. Jobs Report Looms | Dow Climbs After Nonfarm Payrolls; Tech Surge Boosts Nasdaq | Stocks Rise, Nasdaq Hits 11-Year High On Jobs Report"
asset:nasdaq,asset,asset:futures,asset,POSITIVE_CORRELATION,3,"Nasdaq Futures Climb as Bond Yields Retreat, U.S. Jobs Report Looms | Nasdaq Futures Slip as Bond Yields Rebound, U.S. Jobs Report Looms | US STOCKS-S&P, Nasdaq futures at record highs before January jobs report"
event:employment,event,asset:nasdaq,asset,NEGATIVE_IMPACT,3,"Nasdaq Futures Slip as Bond Yields Rebound, U.S. Jobs Report Looms | US STOCKS-S&P 500, Nasdaq fall as yields rally on hot labor market data | US STOCKS-S&P 500, Nasdaq set to fall as yields rally on labor market data"
asset:yields,asset,asset:nasdaq,asset,NEGATIVE_CORRELATION,3,"Nasdaq Futures Slip as Bond Yields Rebound, U.S. Jobs Report Looms | US STOCKS-S&P 500, Nasdaq fall as yields rally on hot labor market data | US STOCKS-S&P 500, Nasdaq set to fall as yields rally on labor market data"
asset:stocks,asset,asset:energy_stocks,asset,POSITIVE_CORRELATION,3,"European Stocks Advance Led by Miners, Oil Stocks Ahead of US Jobs Report | Energy Stocks In Focus As Crude Oil Extends Rally, But Weak Employment Data Coul | Asian Energy Stocks Advance on U.S. Jobs Report; Chubu Electric Tumbles"
asset:stocks,asset,asset:sp500,asset,CO_OCCURRENCE,3,"S&P 500 News: Stocks Up on Jobs Report as Stimulus Bill Stalls, Microsoft, Apple | Mid-Day ETF Update: ETFs, Stocks Surge Higher as Dow, S&P 500 Hit Record Highs o | Closing Update: Better-Than-Expected November Jobs Reports Ignites Big Rally for"
event:rate_cut,event,asset:silver,asset,NEUTRAL_IMPACT,3,Silver Prices Forecast: XAG/USD Firms Amid Fed Rate Cut Expectations | Silver Prices Forecast: Fed Rate Cut Buzz Lifts XAG/USD to Three-Week High | US Rate Cut Boosts Gold & Silver
asset:euro,asset,asset:stocks,asset,CO_OCCURRENCE,3,European Equity Benchmarks Close Higher; Euro Area Unemployment Rate Falls | Jobs report can't lift stocks; euro suffers | GLOBAL MARKETS-US jobs report can't lift stocks; euro suffers
event:employment,event,asset:risk_appetite,asset,NEUTRAL_IMPACT,3,Increased Risk Appetite Ahead of Jobs Report Boosts U.S. Dollar | FOREX-Yen falls as Aussie jobs report peps risk appetite | Nikkei rises 2 pct as risk appetite improves on jobs report
event:rate_hike,event,asset:gold,asset,NEUTRAL_IMPACT,3,Gold Price Forecast: Focus Shifts to Labor Market Data Amid Rate Hike Concerns | Gold Climbs as Unemployment Rate Rises (Update1) | Gold Climbs as Unemployment Rate Rises
event:rate_cut,event,asset:gold,asset,NEGATIVE_IMPACT,3,Gold Price Forecast: XAU Prices Plunge as Better US Employment Figures Rattle Fe | Gold tumbles after lower-than-expected Fed rate cut | UPDATE 6-Gold tumbles after lower-than-expected Fed rate cut
event:employment,event,asset:tech_stocks,asset,NEUTRAL_IMPACT,3,"Rediff.com Leads Asian ADRs Higher as Technology Stocks Show Broad Gains After U | Dow Jones Today, Futures Gains Modest After Jobs Report; Chip Stocks Buzzing, In | Tech Stocks Lead On Strong Jobs Report; This Biotech Stock Soars"
asset:stocks,asset,asset:tech_stocks,asset,POSITIVE_CORRELATION,3,"Rediff.com Leads Asian ADRs Higher as Technology Stocks Show Broad Gains After U | Dow Jones Today, Futures Gains Modest After Jobs Report; Chip Stocks Buzzing, In | Tech Stocks Lead On Strong Jobs Report; This Biotech Stock Soars"
event:employment,event,asset:healthcare,asset,NEGATIVE_IMPACT,3,"Shares of several healthcare companies are trading lower in sympathy with the ov | Shares of several healthcare companies are trading lower amid market weakness fo | Australia shares slip on mixed unemployment data, healthcare buoys"
event:employment,event,asset:vix,asset,NEUTRAL_IMPACT,3,"VIX Closed Below 24 Into the Jobs Report | Wall Street's fear gauge dips on upbeat jobs report | US STOCKS-Jobs report lifts market, volatility index at lowest since '07"
event:rate_cut,event,asset:sp500,asset,NEUTRAL_IMPACT,3,"Stronger-Than-Expected Earnings, GDP Point To 3 Fed Rate Cuts As S&P 500 Reaches | US STOCKS-S&P;, Nasdaq end higher on Fed rate cut hopes | US STOCKS-Dow, S&P; 500 slip after Fed rate cut"
event:rate_cut,event,asset:euro,asset,POSITIVE_IMPACT,3,US Dollar May Rise vs Euro if FOMC Minutes Cool Fed Rate Cut Bets | EUR/USD May Rise if Sentiment Data Amplifies Fed Rate Cut Bets | Euro stocks jump at Fed rate cut
asset:ftse,asset,asset:financials,asset,POSITIVE_CORRELATION,3,FTSE surges as banks lead; Fed rate cut hopes boost | Banks weigh on FTSE ahead of key U.S. jobs report | Banks drag FTSE lower; U.S. jobs report eyed
event:rate_hike,event,asset:investors,asset,POSITIVE_IMPACT,3,Traders boost bets on Fed rate hike after strong jobs report | Traders boost bets on U.S. interest-rate hikes after jobs report | Traders boost bets on March Fed rate hike after jobs report
asset:bonds,asset,asset:ust10y,asset,POSITIVE_CORRELATION,3,TREASURIES-U.S. 10-year yields above 2 pct before jobs report | TREASURIES-Better jobs report pushes 10-yr yield above 2 pct | Treasury 10-Year Yield Climbs to Highest in 9 Months After Employment Data
event:rate_hike,event,asset:dollar,asset,NEUTRAL_IMPACT,3,FOREX-Dollar up as U.S. jobs report eyed for signal on Fed rate hike | REFILE-FOREX-Dollar shines as jobs report supports case for Fed hike in Sept | FOREX-Dollar slides as jobs report dims rate hike outlook
asset:stocks,asset,asset:vix,asset,POSITIVE_CORRELATION,3,"Wall Street's fear gauge dips on upbeat jobs report | Weak jobs report jump starts Wall Street's fear gauge | US STOCKS-Jobs report lifts market, volatility index at lowest since '07"
event:rate_cut,event,asset:asia_stocks,asset,POSITIVE_IMPACT,3,"SE Asia Stocks - Mostly rise on expected Fed rate cut | SE Asia Stocks-S'pore, Malaysia rise on US rate cut hope | Asia stocks gain on talk of Fed rate cut"
asset:yen,asset,asset:nikkei,asset,POSITIVE_CORRELATION,3,"Nikkei falls 1.1 pct after jobs report; yen weighs | Nikkei flat ahead of U.S. jobs report, firmer yen hurts exporters | Nikkei rises on weak yen, strong U.S. jobs report"
event:employment,event,asset:nikkei,asset,NEGATIVE_IMPACT,3,Nikkei seen lower after jobs report; yen eyed | Nikkei down for fifth day after weak US jobs report | Nikkei set to slip ahead of US jobs report
event:employment,event,asset:peso,asset,POSITIVE_IMPACT,3,"Mexico stocks rise on U.S. jobs report, peso slips | Mexico peso slips on rise in US unemployment rate | Mexico’s Peso, Bonds Gain as U.S. Jobs Report Eases Fed Concern"
asset:stocks,asset,asset:emerging_markets,asset,POSITIVE_CORRELATION,3,"EMERGING MARKETS-Latam stocks slip on US jobs report | EMERGING MARKETS-Brazil stocks down on China, unemployment data | EMERGING MARKETS-Latam stocks hit by weak U.S. jobs report"
event:rate_cut,event,asset:japan_stocks,asset,NEGATIVE_IMPACT,3,"Japanese stocks tumble 2 pct on Fed rate cut, yen | Japan stocks fall 2% after Fed rate cut, yen rise | Japanese stocks slide after Fed rate cut, yen rise"
event:rate_cut,event,asset:europe_stocks,asset,POSITIVE_IMPACT,3,"Europe shares gain on results, US rate cut hopes | Europe shares rise in early trade after Fed rate cut | Financials lift European shares after Fed rate cut"
event:rate_cut,event,asset:japan_stocks,asset,POSITIVE_IMPACT,3,Tokyo stocks seen opening higher on Fed rate cut | Japan stocks surge more than 3% after Fed rate cut | Japan stocks surge over 2 pct after Fed rate cut
event:rate_cut,event,asset:crude,asset,NEUTRAL_IMPACT,3,"Oil hits new high over $82 after Fed rate cut | UPDATE 11-Oil hits new high over $82 after Fed rate cut | Oil up 7 percent on weak dollar, Fed rate cut"
asset:crude,asset,asset:dollar,asset,POSITIVE_CORRELATION,3,"NYMEX-Crude slips on jobs report, eyes weak dollar | GLOBAL MARKETS-Stocks, dollar, oil slip on dismal jobs report | Oil up 7 percent on weak dollar, Fed rate cut"
event:employment,event,asset:copper,asset,POSITIVE_IMPACT,3,METALS-Copper ends firm despite soft U.S. employment data | Copper May Rise in London Trading Before U.S. Jobs Report: LME Preview | Copper Poised for Weekly Gain Before Monthly U.S. Jobs Report
event:employment,event,asset:japan_stocks,asset,POSITIVE_IMPACT,3,"Japanese Stocks Rise on U.S. Jobs Report, Commodities; Honda, Sony Advance | Japanese Stocks Climb After U.S. Jobs Report; Bridgestone, Advantest Rise | Japanese Stocks Advance for Second Day as U.S. Jobs Report Buoys Exporters"
asset:investors,asset,asset:sp500,asset,CO_OCCURRENCE,2,US STOCKS-S&P 500 end lower as investors weigh fresh employment data | S&P Futures Climb as Investors Await Key U.S. Jobs Report
asset:investors,asset,asset:sp500,asset,POSITIVE_CORRELATION,2,US STOCKS-S&P 500 flat as investors weigh fresh employment data | S&P Futures Tread Water as Investors Await Key U.S. Jobs Report
event:employment,event,asset:energy_stocks,asset,POSITIVE_IMPACT,2,"European Stocks Advance Led by Miners, Oil Stocks Ahead of US Jobs Report | Asian Energy Stocks Advance on U.S. Jobs Report; Chubu Electric Tumbles"
event:rate_cut,event,asset:silver,asset,POSITIVE_IMPACT,2,"Silver Prices Forecast: Rally Underpinned by Fed Rate Cut Speculation, Inflation | Shares of several gold and silver companies are trading higher as gold prices ri"
asset:stocks,asset,asset:financials,asset,CO_OCCURRENCE,2,"Stocks Slip, But Try To Recover Amid Jobs Report Miss; Banks Up | Stocks Crumble On Jobs Report; Banks Get Clobbered, Bonds Climb"
asset:yields,asset,asset:sp500,asset,NEGATIVE_CORRELATION,2,"US STOCKS-S&P 500, Nasdaq fall as yields rally on hot labor market data | US STOCKS-S&P 500, Nasdaq set to fall as yields rally on labor market data"
asset:europe_stocks,asset,asset:financials,asset,POSITIVE_CORRELATION,2,"European Stocks Rebound On US Jobs Report, Financial Sector Recovers | Financials lift European shares after Fed rate cut"
event:rate_hike,event,asset:futures,asset,NEGATIVE_IMPACT,2,"ETF Preview: ETFs, Futures Edge Lower as Solid Jobs Report Sparks Fears of Fed I | Futures slip on rate hike jitters ahead of key jobs report"
asset:dollar,asset,asset:investors,asset,POSITIVE_CORRELATION,2,"GLOBAL MARKETS-Stocks steady, dollar gains as investors ponder Fed rate cuts | Shares of several gold and silver companies are trading higher as gold prices ri"
asset:crude,asset,asset:investors,asset,POSITIVE_CORRELATION,2,"Mid-Day Update: Stocks Mixed as Investors Weigh Surging Oil Prices, Upbeat Jobs  | Mid-Day Update: Stocks Firmly Lower as Crude Prices, Employment Data Weigh on In"
asset:tech_stocks,asset,asset:futures,asset,POSITIVE_CORRELATION,2,"ETF Preview: ETFs, Futures Point Lower as Tech Sector Continues to Feel Pressure | Dow Jones Today, Futures Gains Modest After Jobs Report; Chip Stocks Buzzing, In"
event:rate_cut,event,asset:yields,asset,POSITIVE_IMPACT,2,"TREASURIES-Yields jump, rate cut expectations pared back after strong jobs repor | TREASURIES-US yields rise as stocks rally after Fed rate cut"
event:employment,event,asset:real,asset,POSITIVE_IMPACT,2,Shares of several real estate companies are trading higher as equities continue  | Shares of several real estate companies are trading higher as equities continue 
asset:gold,asset,asset:stocks,asset,POSITIVE_CORRELATION,2,"Shares of several gold and silver companies are trading higher as gold prices ri | Large Cap Bank Stocks Trading Higher Pre-Market After Strong Jobs Report, S&P E-"
asset:stocks,asset,asset:silver,asset,POSITIVE_CORRELATION,2,Shares of several gold and silver companies are trading higher as gold prices ri | Shares of several gold and silver mining companies are trading lower as the US d
asset:investors,asset,asset:financials,asset,POSITIVE_CORRELATION,2,"Shares of several financial services companies are trading lower amid market wea | Traders Watching Banks Move Higher, Attributing Move to Comment from Atlanta Fed"
asset:dollar,asset,asset:gold,asset,CO_OCCURRENCE,2,Shares of several gold and silver mining companies are trading lower as the US d | Shares of several gold companies are trading higher as renewed speculation of a 
event:rate_cut,event,asset:financials,asset,NEGATIVE_IMPACT,2,Shares of several banks and financial services companies are trading lower. The  | U.S. banks fall on prospect of Fed rate cuts
event:employment,event,asset:energy_stocks,asset,NEUTRAL_IMPACT,2,"Energy Stocks In Focus As Crude Oil Extends Rally, But Weak Employment Data Coul | CERAWEEK-Bernanke says energy sector a 'bright spot,' upbeat on jobs report"
asset:bonds,asset,asset:stocks,asset,NEGATIVE_CORRELATION,2,"US Dollar and Treasuries Fall After Jobs Report as Equities Move Higher | Stocks Tumble on Jobs Report as Treasuries, Gold Rally"
asset:stocks,asset,asset:russell,asset,POSITIVE_CORRELATION,2,Hot Growth Stocks Include This Small Cap Leader That Benefits From A Fed Rate Cu | Small Cap Staffing Stock News: More Earnings Reports Plus a Jobs Report
event:rate_cut,event,asset:yields,asset,NEUTRAL_IMPACT,2,Fed Rate Cuts And Low Bond Yields Should Drive Up The Price Of Gold | JGB 10-year yield hits 8-mth low after Fed rate cut
asset:bonds,asset,asset:gold,asset,POSITIVE_CORRELATION,2,"Fed Rate Cuts And Low Bond Yields Should Drive Up The Price Of Gold | Stocks Tumble on Jobs Report as Treasuries, Gold Rally"
asset:crude,asset,asset:futures,asset,NEGATIVE_CORRELATION,2,"Dow Jones Today, Futures Slip As Oil Prices, Unemployment Data Spike; Walgreens  | Oil Options Fall as Futures Rally on U.S. Employment Data"
event:employment,event,asset:euro,asset,POSITIVE_IMPACT,2,"EURO GOVT-Bunds surge on weak US jobs report | Euro Stays Higher Against Dollar After Inflation, Jobs Reports"
asset:bonds,asset,asset:canadian_dollar,asset,POSITIVE_CORRELATION,2,"Canadian dollar surges on jobs report, bonds slide | Canadian dollar lower after Fed rate cut, bonds up"
asset:yields,asset,asset:investors,asset,POSITIVE_CORRELATION,2,"TREASURIES-Bond yields rise, traders eye Friday jobs report | TREASURIES-Yields little moved as investors eye April jobs report"
asset:dollar,asset,asset:asia_stocks,asset,POSITIVE_CORRELATION,2,"GLOBAL MARKETS-Asian shares, dollar awaits U.S. jobs report | GLOBAL MARKETS-Asia stocks cautious, dollar strong as markets await U.S. jobs re"
event:rate_hike,event,asset:nikkei,asset,NEUTRAL_IMPACT,2,Nikkei drops as strong U.S. jobs report stokes concerns about Fed rate hike | Nikkei drops as strong jobs report stokes US rate rise talk
event:rate_cut,event,asset:peso,asset,NEGATIVE_IMPACT,2,"Mexico stocks drop, peso flat as US rate cut looms | Mexico peso rises on US rate cut bets, stocks slip"
asset:copper,asset,asset:dollar,asset,POSITIVE_CORRELATION,2,METALS-Copper rises as dollar falls after U.S. jobs report | METALS-Copper falls after strong U.S. jobs report boosts dollar
asset:bonds,asset,asset:investors,asset,CO_OCCURRENCE,2,TREASURIES-Bonds gain as traders see modest Fed rate cut | TREASURIES-Prices fall as investors slash US rate cut bets
asset:yen,asset,asset:pound,asset,POSITIVE_CORRELATION,2,"Yen rallies as U.S. jobs report looms, sterling surrenders gains | FOREX-Yen rallies as U.S. jobs report looms, sterling surrenders gains"
asset:investors,asset,asset:peso,asset,POSITIVE_CORRELATION,2,Mexico peso gains as investors eye US rate cut | Mexico's peso firms as investors eye Fed rate cut
event:rate_cut,event,asset:investors,asset,NEGATIVE_IMPACT,2,FOREX-Dollar firms as investors trim US rate cut outlook | TREASURIES-Prices down as investors pare US rate cut bets
asset:stocks,asset,asset:pound,asset,POSITIVE_CORRELATION,2,"Stocks down before jobs report, sterling falls | GLOBAL MARKETS-US stocks down before jobs report, sterling falls"
event:rate_cut,event,asset:copper,asset,NEGATIVE_IMPACT,2,US copper futures trim gains after Fed rate cut | US copper futures trim early losses on Fed rate cut
event:rate_hike,event,asset:yields,asset,NEGATIVE_IMPACT,2,"Dollar and U.S. yields rise, stocks fall after jobs report keeps Fed hike alive | GLOBAL MARKETS-Dollar and U.S. yields rise, stocks fall after jobs report keeps "
event:rate_hike,event,asset:dollar,asset,NEGATIVE_IMPACT,2,"Dollar and U.S. yields rise, stocks fall after jobs report keeps Fed hike alive | GLOBAL MARKETS-Dollar and U.S. yields rise, stocks fall after jobs report keeps "
asset:europe_stocks,asset,asset:bonds,asset,POSITIVE_CORRELATION,2,"RPT-European shares rise, Bunds fall after U.S. jobs report | European shares rise, Bunds fall after U.S. jobs report"
event:rate_cut,event,asset:nikkei,asset,POSITIVE_IMPACT,2,"Nikkei climbs 0.5 pct on Fed rate cut, banks rise | Nikkei climbs 0.5 pct after Fed rate cut, banks rise"
asset:financials,asset,asset:nikkei,asset,POSITIVE_CORRELATION,2,"Nikkei climbs 0.5 pct on Fed rate cut, banks rise | Nikkei climbs 0.5 pct after Fed rate cut, banks rise"
event:rate_cut,event,asset:hk_stocks,asset,NEUTRAL_IMPACT,2,"HK shares recover after US rate cut, HSBC leads | Recovery seen for HK stocks after US rate cut"
asset:crude,asset,asset:asia_stocks,asset,POSITIVE_CORRELATION,2,"Asian Stocks Advance for First Time in Three Days on U.S. Jobs Report; Oil | Asian Stocks Advance for Fourth Day This Week on U.S. Employment Data, Oil"
event:employment,event,asset:japan_stocks,asset,NEGATIVE_IMPACT,2,"Japanese Stocks Fall Most in Two Weeks as U.S. Jobs Report Shows No Growth | Japanese Stocks Decline on U.S. Housing, Employment Data"
event:employment,event,asset:yen,asset,NEGATIVE_IMPACT,2,"Japanese Stock Futures, Australian Shares Decline on U.S. Jobs Report, Yen | U.S. Stock Futures Pare Gain, Yen, Treasuries Rally on ADP Employment Data"
asset:yen,asset,asset:futures,asset,POSITIVE_CORRELATION,2,"Japanese Stock Futures, Australian Shares Decline on U.S. Jobs Report, Yen | U.S. Stock Futures Pare Gain, Yen, Treasuries Rally on ADP Employment Data"
asset:bonds,asset,asset:peso,asset,POSITIVE_CORRELATION,2,"Mexican Peso Tumbles as U.S. Jobs Report Drives Up Bond Yields | Mexico’s Peso, Bonds Gain as U.S. Jobs Report Eases Fed Concern"
asset:europe_stocks,asset,asset:futures,asset,POSITIVE_CORRELATION,2,"European Stocks, U.S. Futures Are Little Changed Before Unemployment Data | Europe Stocks Fall With U.S. Futures Before Jobs Report"
asset:euro,asset,asset:pound,asset,POSITIVE_CORRELATION,2,"Pound Erases Drop Versus Euro on Unemployment Rate, BOE Minutes | Pound Is Little Changed Against Euro Before Labor Market Report"
event:employment,event,asset:rand,asset,NEUTRAL_IMPACT,2,Rand Holds Gains Against Dollar After Unemployment Rate Is Little Changed | Rand Weakens for Third Day as U.S. Jobs Report Damps Confidence
event:rate_hike,event,asset:stocks,asset,POSITIVE_IMPACT,1,U.S. Stocks Poised For Higher Open as Jobs Report Underpins Case For Rate Hike
asset:yields,asset,asset:nasdaq,asset,CO_OCCURRENCE,1,"Nasdaq Futures Climb as Bond Yields Retreat, U.S. Jobs Report Looms"
asset:yields,asset,asset:futures,asset,CO_OCCURRENCE,1,"Nasdaq Futures Climb as Bond Yields Retreat, U.S. Jobs Report Looms"
asset:nasdaq,asset,asset:bonds,asset,CO_OCCURRENCE,1,"Nasdaq Futures Climb as Bond Yields Retreat, U.S. Jobs Report Looms"
asset:bonds,asset,asset:futures,asset,CO_OCCURRENCE,1,"Nasdaq Futures Climb as Bond Yields Retreat, U.S. Jobs Report Looms"
asset:yields,asset,asset:futures,asset,NEGATIVE_CORRELATION,1,"Nasdaq Futures Slip as Bond Yields Rebound, U.S. Jobs Report Looms"
asset:nasdaq,asset,asset:bonds,asset,NEGATIVE_CORRELATION,1,"Nasdaq Futures Slip as Bond Yields Rebound, U.S. Jobs Report Looms"
asset:bonds,asset,asset:futures,asset,NEGATIVE_CORRELATION,1,"Nasdaq Futures Slip as Bond Yields Rebound, U.S. Jobs Report Looms"
asset:europe_stocks,asset,asset:crude,asset,POSITIVE_CORRELATION,1,"European Stocks Advance Led by Miners, Oil Stocks Ahead of US Jobs Report"
asset:europe_stocks,asset,asset:energy_stocks,asset,POSITIVE_CORRELATION,1,"European Stocks Advance Led by Miners, Oil Stocks Ahead of US Jobs Report"
asset:crude,asset,asset:energy_stocks,asset,POSITIVE_CORRELATION,1,"European Stocks Advance Led by Miners, Oil Stocks Ahead of US Jobs Report"
event:rate_hike,event,asset:futures,asset,NEUTRAL_IMPACT,1,Stock Futures Reverse Early Losses as Labor Market Report Cools Rate Hike Jitter
asset:nasdaq,asset,asset:dow,asset,CO_OCCURRENCE,1,Dow Climbs After Nonfarm Payrolls; Tech Surge Boosts Nasdaq
asset:crude,asset,asset:investors,asset,CO_OCCURRENCE,1,"Mid-Day ETF Update: ETFs, Stocks Lower, In Step with Crude as Investors Look Ahe"
asset:dollar,asset,asset:risk_appetite,asset,POSITIVE_CORRELATION,1,Increased Risk Appetite Ahead of Jobs Report Boosts U.S. Dollar
asset:yields,asset,asset:gold,asset,CO_OCCURRENCE,1,PRECIOUS-Gold steadies as bond yields slip; focus on U.S. jobs report
asset:bonds,asset,asset:gold,asset,CO_OCCURRENCE,1,PRECIOUS-Gold steadies as bond yields slip; focus on U.S. jobs report
asset:gold,asset,asset:investors,asset,CO_OCCURRENCE,1,Gold on Track For Weekly Gain as Investors Await US Rate Cut
event:rate_cut,event,asset:emerging_markets,asset,POSITIVE_IMPACT,1,"Emerging Markets and Global Currencies to Jump with Their Hands in Air, as Fed D"
asset:dow,asset,asset:financials,asset,POSITIVE_CORRELATION,1,Close Update: Labor Market Data Drives Dow to Record Close on Banking Sector Gai
event:employment,event,asset:tech_stocks,asset,NEGATIVE_IMPACT,1,"ETF Preview: ETFs, Futures Point Lower as Tech Sector Continues to Feel Pressure"
event:rate_cut,event,asset:investors,asset,POSITIVE_IMPACT,1,Shares of several gold and silver companies are trading higher as gold prices ri
asset:gold,asset,asset:dollar,asset,POSITIVE_CORRELATION,1,Shares of several gold and silver companies are trading higher as gold prices ri
asset:dollar,asset,asset:stocks,asset,POSITIVE_CORRELATION,1,Shares of several gold and silver companies are trading higher as gold prices ri
asset:silver,asset,asset:investors,asset,POSITIVE_CORRELATION,1,Shares of several gold and silver companies are trading higher as gold prices ri
asset:investors,asset,asset:stocks,asset,NEGATIVE_CORRELATION,1,Shares of several financial services companies are trading lower amid market wea
asset:stocks,asset,asset:financials,asset,NEGATIVE_CORRELATION,1,Shares of several financial services companies are trading lower amid market wea
event:employment,event,asset:silver,asset,NEGATIVE_IMPACT,1,Shares of several gold and silver mining companies are trading lower as the US d
asset:dollar,asset,asset:silver,asset,CO_OCCURRENCE,1,Shares of several gold and silver mining companies are trading lower as the US d
event:rate_cut,event,asset:crude,asset,NEGATIVE_IMPACT,1,Shares of several oil companies are trading higher as oil rises after Iran shot 
asset:stocks,asset,asset:crude,asset,NEGATIVE_CORRELATION,1,Shares of several oil companies are trading higher as oil rises after Iran shot 
asset:investors,asset,asset:stocks,asset,POSITIVE_CORRELATION,1,Shares of several healthcare companies are trading lower amid market weakness fo
asset:investors,asset,asset:healthcare,asset,POSITIVE_CORRELATION,1,Shares of several healthcare companies are trading lower amid market weakness fo
asset:crude,asset,asset:sp500,asset,POSITIVE_CORRELATION,1,"Large Cap Bank Stocks Trading Higher Pre-Market After Strong Jobs Report, S&P E-"
asset:crude,asset,asset:financials,asset,POSITIVE_CORRELATION,1,"Large Cap Bank Stocks Trading Higher Pre-Market After Strong Jobs Report, S&P E-"
asset:crude,asset,asset:stocks,asset,POSITIVE_CORRELATION,1,"Large Cap Bank Stocks Trading Higher Pre-Market After Strong Jobs Report, S&P E-"
asset:sp500,asset,asset:gold,asset,POSITIVE_CORRELATION,1,"Large Cap Bank Stocks Trading Higher Pre-Market After Strong Jobs Report, S&P E-"
asset:sp500,asset,asset:financials,asset,POSITIVE_CORRELATION,1,"Large Cap Bank Stocks Trading Higher Pre-Market After Strong Jobs Report, S&P E-"
asset:sp500,asset,asset:futures,asset,POSITIVE_CORRELATION,1,"Large Cap Bank Stocks Trading Higher Pre-Market After Strong Jobs Report, S&P E-"
asset:sp500,asset,asset:stocks,asset,POSITIVE_CORRELATION,1,"Large Cap Bank Stocks Trading Higher Pre-Market After Strong Jobs Report, S&P E-"
asset:gold,asset,asset:financials,asset,POSITIVE_CORRELATION,1,"Large Cap Bank Stocks Trading Higher Pre-Market After Strong Jobs Report, S&P E-"
asset:financials,asset,asset:futures,asset,POSITIVE_CORRELATION,1,"Large Cap Bank Stocks Trading Higher Pre-Market After Strong Jobs Report, S&P E-"
asset:financials,asset,asset:stocks,asset,POSITIVE_CORRELATION,1,"Large Cap Bank Stocks Trading Higher Pre-Market After Strong Jobs Report, S&P E-"
asset:futures,asset,asset:stocks,asset,POSITIVE_CORRELATION,1,"Large Cap Bank Stocks Trading Higher Pre-Market After Strong Jobs Report, S&P E-"
asset:crude,asset,asset:energy_stocks,asset,CO_OCCURRENCE,1,"Energy Stocks In Focus As Crude Oil Extends Rally, But Weak Employment Data Coul"
event:rate_hike,event,asset:gold,asset,NEGATIVE_IMPACT,1,Gold breaks down as jobs report but Fed hikes on the table via ForexLive
asset:copper,asset,asset:crude,asset,CO_OCCURRENCE,1,"Crude Oil, RBOB Gasoline, and Copper Futures Moving Lower after Employment Data"
asset:stocks,asset,asset:dollar,asset,NEGATIVE_CORRELATION,1,US Dollar and Treasuries Fall After Jobs Report as Equities Move Higher
event:rate_cut,event,asset:crude,asset,POSITIVE_IMPACT,1,Oil Prices Rise Ahead of Likely Fed Rate Cut: 5 Top Picks
asset:bonds,asset,asset:financials,asset,POSITIVE_CORRELATION,1,"Stocks Crumble On Jobs Report; Banks Get Clobbered, Bonds Climb"
event:rate_cut,event,asset:russell,asset,NEUTRAL_IMPACT,1,Hot Growth Stocks Include This Small Cap Leader That Benefits From A Fed Rate Cu
event:rate_cut,event,asset:aussie,asset,NEUTRAL_IMPACT,1,Australian Dollar At Risk As Markets Eye Third Coronavirus Rate Cut
event:employment,event,asset:russell,asset,POSITIVE_IMPACT,1,Tame Jobs Report Lifts Stocks; Apple Leads Dow; Small Caps Outperform
asset:stocks,asset,asset:russell,asset,CO_OCCURRENCE,1,Tame Jobs Report Lifts Stocks; Apple Leads Dow; Small Caps Outperform
asset:dow,asset,asset:russell,asset,CO_OCCURRENCE,1,Tame Jobs Report Lifts Stocks; Apple Leads Dow; Small Caps Outperform
asset:tech_stocks,asset,asset:dow,asset,POSITIVE_CORRELATION,1,"Dow Jones Today, Futures Gains Modest After Jobs Report; Chip Stocks Buzzing, In"
asset:yields,asset,asset:gold,asset,POSITIVE_CORRELATION,1,Fed Rate Cuts And Low Bond Yields Should Drive Up The Price Of Gold
event:employment,event,asset:russell,asset,NEUTRAL_IMPACT,1,Small Cap Staffing Stock News: More Earnings Reports Plus a Jobs Report
asset:crude,asset,asset:dow,asset,NEGATIVE_CORRELATION,1,"Dow Jones Today, Futures Slip As Oil Prices, Unemployment Data Spike; Walgreens "
event:rate_cut,event,asset:dow,asset,POSITIVE_IMPACT,1,"Dow Jones Futures: Stock Market Rally Steady, Apple In Buy Range After Fed Rate "
event:rate_hike,event,asset:yields,asset,POSITIVE_IMPACT,1,Treasury yields moving higher as solid jobs reports assures rate hike
event:rate_hike,event,asset:bonds,asset,POSITIVE_IMPACT,1,Treasury yields moving higher as solid jobs reports assures rate hike
event:rate_cut,event,asset:credit_spreads,asset,NEUTRAL_IMPACT,1,Corporate Credit Spreads In A Fed Rate Cut Environment. Will History Repeat Itse
asset:tech_stocks,asset,asset:healthcare,asset,POSITIVE_CORRELATION,1,Tech Stocks Lead On Strong Jobs Report; This Biotech Stock Soars
asset:aussie,asset,asset:yen,asset,POSITIVE_CORRELATION,1,FOREX-Yen falls as Aussie jobs report peps risk appetite
asset:aussie,asset,asset:risk_appetite,asset,POSITIVE_CORRELATION,1,FOREX-Yen falls as Aussie jobs report peps risk appetite
asset:yen,asset,asset:risk_appetite,asset,POSITIVE_CORRELATION,1,FOREX-Yen falls as Aussie jobs report peps risk appetite
event:employment,event,asset:canadian_dollar,asset,NEGATIVE_IMPACT,1,"Canadian dollar surges on jobs report, bonds slide"
event:employment,event,asset:ftse,asset,POSITIVE_IMPACT,1,Britain's FTSE higher ahead of U.S. jobs report
asset:yen,asset,asset:nikkei,asset,CO_OCCURRENCE,1,Nikkei seen lower after jobs report; yen eyed
event:employment,event,asset:hk_stocks,asset,NEUTRAL_IMPACT,1,HK stocks seen rising after strong U.S. jobs report
event:rate_cut,event,asset:canadian_dollar,asset,NEGATIVE_IMPACT,1,"Canadian dollar lower after Fed rate cut, bonds up"
event:employment,event,asset:vix,asset,NEGATIVE_IMPACT,1,Weak jobs report jump starts Wall Street's fear gauge
event:employment,event,asset:nikkei,asset,POSITIVE_IMPACT,1,Nikkei likely to rise after strong U.S. jobs report
asset:dollar,asset,asset:investors,asset,CO_OCCURRENCE,1,FOREX-Dollar firms as investors trim US rate cut outlook
asset:euro,asset,asset:dollar,asset,CO_OCCURRENCE,1,FOREX-ECB tender supports euro; dollar down jobs report
event:rate_cut,event,asset:peso,asset,POSITIVE_IMPACT,1,"Mexico peso, stocks gain on US rate cut boost"
asset:investors,asset,asset:nikkei,asset,POSITIVE_CORRELATION,1,Nikkei eases as nervous investors await U.S. jobs report
asset:copper,asset,asset:gold,asset,POSITIVE_CORRELATION,1,"US gold down after nonfarm payrolls, copper higher"
event:employment,event,asset:aussie,asset,POSITIVE_IMPACT,1,MONEY MARKETS-Aussie bill futures rise after unemployment data
asset:aussie,asset,asset:futures,asset,POSITIVE_CORRELATION,1,MONEY MARKETS-Aussie bill futures rise after unemployment data
event:rate_cut,event,asset:nasdaq,asset,POSITIVE_IMPACT,1,"US STOCKS-S&P;, Nasdaq end higher on Fed rate cut hopes"
asset:nasdaq,asset,asset:sp500,asset,CO_OCCURRENCE,1,"US STOCKS-S&P;, Nasdaq end higher on Fed rate cut hopes"
asset:ftse,asset,asset:crude,asset,CO_OCCURRENCE,1,CORRECTED - FTSE down as oils weigh; U.S. jobs report eyed
asset:stocks,asset,asset:peso,asset,CO_OCCURRENCE,1,Mexico peso jumps on US rate cut bets; stocks down
asset:euro,asset,asset:futures,asset,POSITIVE_CORRELATION,1,EURO GOVT-Bund futures fall ahead of US ADP jobs report
asset:crude,asset,asset:bonds,asset,NEGATIVE_CORRELATION,1,"GLOBAL MARKETS-Stocks, oil slip on US jobs report; bonds rally"
asset:risk_appetite,asset,asset:nikkei,asset,POSITIVE_CORRELATION,1,Nikkei rises 2 pct as risk appetite improves on jobs report
event:rate_cut,event,asset:risk_appetite,asset,NEUTRAL_IMPACT,1,Emerging debt-Fed rate cut spurs risk appetite
event:rate_cut,event,asset:ust10y,asset,NEUTRAL_IMPACT,1,JGB 10-year yield hits 8-mth low after Fed rate cut
event:rate_cut,event,asset:copper,asset,POSITIVE_IMPACT,1,US copper futures gain ground ahead of Fed rate cut
event:rate_cut,event,asset:hk_stocks,asset,POSITIVE_IMPACT,1,"HK shares rebound on US rate cut, led by financials"
asset:financials,asset,asset:hk_stocks,asset,POSITIVE_CORRELATION,1,"HK shares rebound on US rate cut, led by financials"
asset:stocks,asset,asset:asia_stocks,asset,CO_OCCURRENCE,1,SE Asia Stocks-Mixed ahead of U.S. jobs report; Thai stocks down
asset:stocks,asset,asset:yen,asset,CO_OCCURRENCE,1,GLOBAL MARKETS-Stocks gain;yen dips as mkts foresee US rate cut
asset:bonds,asset,asset:sp500,asset,CO_OCCURRENCE,1,S&P 500 Extends Best Start to Year Since 1987 as Bonds Fall on Jobs Report
asset:europe_stocks,asset,asset:futures,asset,CO_OCCURRENCE,1,European Stocks Gain for Third Day; Futures Fluctuate Before Jobs Report
asset:yields,asset,asset:real,asset,POSITIVE_CORRELATION,1,Brazil Rate Futures Yields Increase on Jobs Report; Real Rises
asset:yields,asset,asset:futures,asset,POSITIVE_CORRELATION,1,Brazil Rate Futures Yields Increase on Jobs Report; Real Rises
asset:real,asset,asset:futures,asset,POSITIVE_CORRELATION,1,Brazil Rate Futures Yields Increase on Jobs Report; Real Rises
event:employment,event,asset:peso,asset,NEGATIVE_IMPACT,1,Mexico's Peso Poised for Biggest Weekly Drop Since May on U.S. Jobs Report
asset:stocks,asset,asset:sp500,asset,NEGATIVE_CORRELATION,1,U.S. Stocks Drop as Jobs Report Wipes Out S&P 500’s Weekly Gain
event:employment,event,asset:aussie,asset,NEGATIVE_IMPACT,1,"Aussie, Kiwi Dollars Fall Before U.S. Jobs Report on Fed Outlook"
asset:investors,asset,asset:stocks,asset,CO_OCCURRENCE,1,"Asian Stocks Decline as Investors Await U.S. Jobs Report; Honda, LG Drop"
asset:investors,asset,asset:asia_stocks,asset,CO_OCCURRENCE,1,"Asian Stocks Decline as Investors Await U.S. Jobs Report; Honda, LG Drop"
asset:bonds,asset,asset:yen,asset,POSITIVE_CORRELATION,1,"U.S. Stock Futures Pare Gain, Yen, Treasuries Rally on ADP Employment Data"
asset:yields,asset,asset:peso,asset,POSITIVE_CORRELATION,1,Mexican Peso Tumbles as U.S. Jobs Report Drives Up Bond Yields
asset:stocks,asset,asset:gold,asset,NEGATIVE_CORRELATION,1,"Stocks Tumble on Jobs Report as Treasuries, Gold Rally"
event:employment,event,asset:dax,asset,POSITIVE_IMPACT,1,Germany's DAX Index Erases Earlier Advance After U.S. ADP Jobs Report
asset:rand,asset,asset:dollar,asset,POSITIVE_CORRELATION,1,Rand Holds Gains Against Dollar After Unemployment Rate Is Little Changed
event:rate_hike,event,asset:bonds,asset,NEGATIVE_IMPACT,1,Treasuries Pare Losses After Unemployment Rate Increases to 7.8%
asset:dollar,asset,asset:futures,asset,POSITIVE_CORRELATION,1,Gasoline Futures Fluctuate on U.S. Jobs Report and Dollar Slide
event:employment,event,asset:franc,asset,NEUTRAL_IMPACT,1,"Swiss Franc Depreciates Against Euro on U.S. Jobs Report, ECB Rate Signal"
asset:euro,asset,asset:franc,asset,POSITIVE_CORRELATION,1,"Swiss Franc Depreciates Against Euro on U.S. Jobs Report, ECB Rate Signal"
asset:real,asset,asset:stocks,asset,CO_OCCURRENCE,1,Bovespa Stock-Index Futures Drop Before U.S. Jobs Report; Real Retreats
asset:real,asset,asset:futures,asset,CO_OCCURRENCE,1,Bovespa Stock-Index Futures Drop Before U.S. Jobs Report; Real Retreats
asset:bonds,asset,asset:pound,asset,CO_OCCURRENCE,1,Pound Rises to One-Week High After U.K. Jobs Report; Gilts Fall
asset:dollar,asset,asset:pound,asset,POSITIVE_CORRELATION,1,Pound Set for Weekly Drop Versus Dollar Before U.S. Jobs Report
asset:crude,asset,asset:asia_stocks,asset,CO_OCCURRENCE,1,"Asian Stocks Fall as Oil Drops on Libya, U.S. Employment Data Disappoints"
